<application>
  <component name="DimensionService">
    <location key="#HTTP_Proxy.-1366.0.1366.768" x="735" y="253" />
    <location key="SettingsEditor.0.0.1920.1080" x="514" y="315" />
    <location key="FileChooserDialogImpl.0.0.1920.1080" x="610" y="216" />
    <location key="WELCOME_SCREEN.0.0.1920.1080" x="960" y="304" />
    <location key="com.intellij.ide.util.TipDialog.0.0.1920.1080" x="667" y="335" />
    <location key="AndroidExtendedDeviceChooserDialog.0.0.1920.1080" x="768" y="195" />
    <location key="AndroidThemeDialog.0.0.1920.1080" x="540" y="223" />
    <location key="findTextDialog.0.0.1920.1080" x="750" y="251" />
    <location key="#com.intellij.fileTypes.FileTypeChooser.0.0.1920.1080" x="669" y="313" />
    <location key="chooseDestDirectoryDialog.0.0.1920.1080" x="759" y="295" />
    <location key="StructurePopup.0.0.1920.1080" x="734" y="305" />
    <location key="#com.intellij.ide.util.MemberChooser.0.0.1920.1080" x="1322" y="134" />
    <location key="#com.intellij.codeInsight.editorActions.RestoreReferencesDialog.0.0.1920.1080" x="690" y="273" />
    <location key="AndroidCreateXmlResourceDialog.0.0.1920.1080" x="695" y="346" />
    <location key="#com.intellij.refactoring.safeDelete.UnsafeUsagesDialog.0.0.1920.1080" x="690" y="264" />
    <location key="#Project_Structure.0.0.1920.1080" x="679" y="174" />
    <location key="OptionsEditor.0.0.1920.1080" x="440" y="92" />
    <location key="#com.intellij.execution.impl.EditConfigurationsDialog.0.0.1920.1080" x="414" y="173" />
    <location key="#Gradle.0.0.1920.1080" x="780" y="296" />
    <location key="AndroidCreateResourceFileDialog.0.0.1920.1080" x="852" y="525" />
    <location key="com.android.tools.idea.structure.gradle.MavenDependencyLookupDialog.0.0.1920.1080" x="796" y="376" />
    <location key="#Browse_Repositories.0.0.1920.1080" x="497" y="205" />
    <location key="edit.logcat.filter.dialog.dimensions.0.0.1920.1080" x="759" y="363" />
    <location key="NewModule_or_Project.wizard.0.0.1920.1080" x="690" y="203" />
    <location key="ProcessPopupWindow.0.0.1920.1080" x="1438" y="816" />
    <location key="IdeErrosDialog.0.0.1920.1080" x="556" y="332" />
    <location key="#Updates.0.0.1920.1080" x="718" y="355" />
    <location key="WELCOME_SCREEN.0.0.1366.768" x="802" y="304" />
    <location key="#com.intellij.refactoring.move.moveClassesOrPackages.MoveClassesOrPackagesDialog.classes.0.0.1920.1080" x="677" y="368" />
    <location key="replaceTextDialog.0.0.1920.1080" x="747" y="224" />
    <location key="dock-window-1.0.0.1920.1080" x="-683" y="17" />
    <location key="#com.intellij.refactoring.rename.AutomaticRenamingDialog.0.0.1920.1080" x="561" y="0" />
    <location key="com.intellij.xdebugger.impl.breakpoints.ui.BreakpointsDialogFactory$1.0.0.1920.1080" x="507" y="250" />
    <location key="com.intellij.openapi.vcs.update.UpdateOrStatusOptionsDialogupdate.0.0.1920.1080" x="704" y="349" />
    <location key="com.intellij.openapi.editor.actions.MultiplePasteAction$1.0.0.1920.1080" x="790" y="138" />
    <location key="#Inspections.0.0.1920.1080" x="592" y="189" />
    <location key="#com.intellij.refactoring.move.moveInstanceMethod.MoveInstanceMethodDialog.0.0.1920.1080" x="740" y="324" />
    <location key="extract.method.dialog.0.0.1920.1080" x="1268" y="397" />
    <location key="com.android.tools.idea.gradle.structure.editors.MavenDependencyLookupDialog.0.0.1920.1080" x="796" y="376" />
    <location key="#com.intellij.codeInsight.template.impl.EditVariableDialog.0.0.1920.1080" x="1081" y="438" />
    <size key="GridCell.Tab.0.left.0.0.1920.1080" width="1876" height="338" />
    <size key="GridCell.Tab.0.center.0.0.1920.1080" width="1876" height="338" />
    <size key="GridCell.Tab.0.right.0.0.1920.1080" width="1876" height="338" />
    <size key="GridCell.Tab.0.bottom.0.0.1920.1080" width="1876" height="338" />
    <size key="javadoc.popup.0.0.1920.1080" width="966" height="450" />
    <size key="GridCell.Tab.1.left.0.0.1920.1080" width="1876" height="244" />
    <size key="GridCell.Tab.1.center.0.0.1920.1080" width="1876" height="244" />
    <size key="GridCell.Tab.1.right.0.0.1920.1080" width="1876" height="244" />
    <size key="GridCell.Tab.1.bottom.0.0.1920.1080" width="1876" height="244" />
    <size key="GridCell.Tab.2.left.0.0.1920.1080" width="1876" height="244" />
    <size key="GridCell.Tab.2.center.0.0.1920.1080" width="1876" height="244" />
    <size key="GridCell.Tab.2.right.0.0.1920.1080" width="1876" height="244" />
    <size key="GridCell.Tab.2.bottom.0.0.1920.1080" width="1876" height="244" />
    <size key="GridCell.Tab.3.left.0.0.1920.1080" width="1876" height="244" />
    <size key="GridCell.Tab.3.center.0.0.1920.1080" width="1876" height="244" />
    <size key="GridCell.Tab.3.right.0.0.1920.1080" width="1876" height="244" />
    <size key="GridCell.Tab.3.bottom.0.0.1920.1080" width="1876" height="244" />
    <size key="SettingsEditor.0.0.1920.1080" width="1123" height="702" />
    <size key="StructurePopup.0.0.1920.1080" width="428" height="392" />
    <size key="GridCell.Tab.0.left.-1366.0.1366.768" width="1876" height="310" />
    <size key="GridCell.Tab.0.center.-1366.0.1366.768" width="1876" height="310" />
    <size key="GridCell.Tab.0.right.-1366.0.1366.768" width="1876" height="310" />
    <size key="GridCell.Tab.0.bottom.-1366.0.1366.768" width="1876" height="310" />
    <size key="GridCell.Tab.1.left.-1366.0.1366.768" width="1876" height="310" />
    <size key="GridCell.Tab.1.center.-1366.0.1366.768" width="1876" height="310" />
    <size key="GridCell.Tab.1.right.-1366.0.1366.768" width="1876" height="310" />
    <size key="GridCell.Tab.1.bottom.-1366.0.1366.768" width="1876" height="310" />
    <size key="GridCell.Tab.2.left.-1366.0.1366.768" width="1876" height="310" />
    <size key="GridCell.Tab.2.center.-1366.0.1366.768" width="1876" height="310" />
    <size key="GridCell.Tab.2.right.-1366.0.1366.768" width="1876" height="310" />
    <size key="GridCell.Tab.2.bottom.-1366.0.1366.768" width="1876" height="310" />
    <size key="GridCell.Tab.3.left.-1366.0.1366.768" width="1876" height="310" />
    <size key="GridCell.Tab.3.center.-1366.0.1366.768" width="1876" height="310" />
    <size key="GridCell.Tab.3.right.-1366.0.1366.768" width="1876" height="310" />
    <size key="GridCell.Tab.3.bottom.-1366.0.1366.768" width="1876" height="310" />
    <size key="ProcessPopupWindow.0.0.1920.1080" width="302" height="117" />
    <size key="#com.intellij.refactoring.move.moveClassesOrPackages.MoveClassesOrPackagesDialog.classes.0.0.1920.1080" width="565" height="314" />
    <size key="NewModule_or_Project.wizard.0.0.1920.1080" width="996" height="706" />
    <size key="dock-window-1.0.0.1920.1080" width="1382" height="824" />
    <size key="javadoc.popup.-1366.0.1366.768" width="446" height="166" />
    <size key="AndroidExtendedDeviceChooserDialog.0.0.1920.1080" width="590" height="455" />
    <extendedState key="dock-window-1" state="0" />
  </component>
</application>