<application>
  <component name="FeatureUsageStatistics" first-run="1442280753792" have-been-shown="false" show-in-other="true" show-in-compilation="true">
    <feature id="upload.ssh.key" count="0" last-shown="0" last-used="0" shown-count="0" />
    <feature id="navigation.goto.inspection" count="0" last-shown="0" last-used="0" shown-count="0" />
    <feature id="editing.completion.changeSorting" count="0" last-shown="0" last-used="0" shown-count="0" />
    <feature id="refactoring.appCodeIntroduceVariable" count="0" last-shown="0" last-used="0" shown-count="0" />
    <feature id="codeassists.liveTemplates" count="20" last-shown="0" last-used="1446710060148" shown-count="0" />
    <feature id="navigation.goto.usages" count="1" last-shown="0" last-used="1444268221624" shown-count="0" />
    <feature id="refactoring.inlineLocalVar" count="0" last-shown="0" last-used="0" shown-count="0" />
    <feature id="tag.name.completion" count="0" last-shown="0" last-used="0" shown-count="0" />
    <feature id="editing.select.word" count="3786" last-shown="0" last-used="1447404880075" shown-count="0" />
    <feature id="codeassists.quickFix" count="533" last-shown="0" last-used="1447402835998" shown-count="0" />
    <feature id="navigation.class.hierarchy" count="0" last-shown="0" last-used="0" shown-count="0" />
    <feature id="refactoring.localize" count="0" last-shown="0" last-used="0" shown-count="0" />
    <feature id="navigation.popup.class" count="1" last-shown="0" last-used="1446019079866" shown-count="0" />
    <feature id="navigation.goto.declaration" count="994" last-shown="0" last-used="1447403169621" shown-count="0" />
    <feature id="codeassists.parameterInfo" count="0" last-shown="0" last-used="0" shown-count="0" />
    <feature id="editing.completion.basic" count="6570" last-shown="0" last-used="1447405331928" shown-count="0" />
    <feature id="codeassists.quickdefinition" count="0" last-shown="1447132900116" last-used="0" shown-count="63" />
    <feature id="refactoring.convertToLiteral" count="0" last-shown="0" last-used="0" shown-count="0" />
    <feature id="refactoring.extractMethod" count="0" last-shown="0" last-used="0" shown-count="0" />
    <feature id="navigation.popup.file.structure" count="4" last-shown="0" last-used="1446800739714" shown-count="0" />
    <feature id="editing.completion.smarttype.general" count="15" last-shown="1447405331216" last-used="1446019448897" shown-count="3671" />
    <feature id="codeassists.overrideimplement" count="56" last-shown="0" last-used="1447116997933" shown-count="0" />
    <feature id="codeassists.surroundwith.expression" count="0" last-shown="0" last-used="0" shown-count="0" />
    <feature id="refactoring.rename" count="52" last-shown="0" last-used="1447135036350" shown-count="0" />
    <feature id="codeassists.quickjavadoc" count="31" last-shown="1446019236605" last-used="1446800363438" shown-count="50" />
    <feature id="refactoring.convertToMethod" count="0" last-shown="0" last-used="0" shown-count="0" />
    <feature id="navigation.select.in" count="0" last-shown="0" last-used="0" shown-count="0" />
    <feature id="codeassists.altInsert" count="0" last-shown="0" last-used="0" shown-count="0" />
    <feature id="codeassists.complete.statement" count="52" last-shown="0" last-used="1447404509511" shown-count="0" />
    <completionStatsTag>
      <option name="sparedCharacters" value="53295" />
      <option name="invocations" value="4630" />
      <option name="startDate" value="1442246400000" />
      <option name="dayCount" value="33" />
      <option name="lastDate" value="1447344000000" />
    </completionStatsTag>
    <fixesStatsTag>
      <option name="invocations" value="533" />
      <option name="startDate" value="1442246400000" />
      <option name="dayCount" value="31" />
      <option name="lastDate" value="1447344000000" />
    </fixesStatsTag>
  </component>
</application>