<application>
  <component name="FindRecents">
    <findStrings>
      <find>tglBtnList</find>
      <find>isWait</find>
      <find>v</find>
      <find>distributionUrl</find>
      <find>signingconfig</find>
      <find>mContext</find>
      <find>setupAnimations</find>
      <find>mButtonRadius</find>
      <find>mState</find>
      <find>mBackgroundBounds</find>
      <find>theme</find>
      <find>mTextPaint</find>
      <find>coverTextLength</find>
      <find>textProgress</find>
      <find>drawabletop</find>
      <find>@override</find>
      <find>ondraw</find>
      <find>layout_centerInParent</find>
      <find>CENTER_IN_PARENT</find>
      <find>addrule</find>
      <find>weight</find>
      <find>totalWeight</find>
      <find>mOrientation</find>
      <find>setOrientation</find>
      <find>measureWith</find>
      <find>measureVertical</find>
      <find>findViewbytag</find>
      <find>findviewbytag</find>
      <find>CRC16M</find>
      <find>crc1</find>
    </findStrings>
    <replaceStrings>
      <replace>User</replace>
      <replace>context</replace>
      <replace />
      <replace>sInstance</replace>
      <replace>receiverUtil</replace>
      <replace>Log</replace>
      <replace>LogUtil</replace>
      <replace>DefineDialog2</replace>
    </replaceStrings>
    <dirStrings>
      <dir>E:\WorkSpace\VersionManger\fridge\android\Project\Fridge\asrlibrary</dir>
      <dir>E:\WorkSpace\VersionManger\washer\android\Project\Washer\app</dir>
      <dir>E:\WorkSpace\VersionManger\smartwasher\android\Project\SmartWasher\app\src\main\java\com\ebanswers\smartwasher\view</dir>
      <dir>E:\WorkSpace\VersionManger\washer\android\Project\Washer\app\src\main\java\com\ebanswers\washer\util</dir>
    </dirStrings>
  </component>
</application>