<application>
  <component name="PropertiesComponent">
    <property name="log.debug.categories" value="" />
    <property name="DefaultHtmlDoctype.MigrateToHtml5" value="true" />
    <property name="DefaultHtmlDoctype.Refreshed" value="1" />
    <property name="AndroidInitConfigurator.V4" value="true" />
    <property name="AndroidInitConfigurator.V3" value="true" />
    <property name="AndroidInitConfigurator.V1" value="true" />
    <property name="AndroidInitConfigurator.V2" value="true" />
    <property name="SingleInspectionProfilePanel.VERTICAL_DIVIDER_PROPORTION" value="0.5" />
    <property name="SingleInspectionProfilePanel.HORIZONTAL_DIVIDER_PROPORTION" value="0.5" />
    <property name="default.storage.format" value=".idea (directory based)" />
    <property name="file.chooser.recent.files" value="D:/Demo/1020Demo&#10;F:/Github/ProtocolAnalyze/build.gradle&#10;F:/Github/JoeFrame-ResideMenu/FrameProject/build.gradle&#10;D:/Download/okhttp-utils-master/build.gradle&#10;D:/zhk.jks&#10;D:/Demo/1110Demo/MyTest1109/build.gradle&#10;E:/WorkSpace/VersionManger/FreeKitchen/Project/FreeKitchen/build.gradle&#10;F:/Github/VaryButtonLayout/build.gradle&#10;D:/Demo/ProgressRoundButton-master/build.gradle&#10;D:/Demo/1020Demo/ProgressRoundButton-master/build.gradle&#10;D:/Demo/1020Demo/2015110409542321778496/AVLoadingIndicatorView-master/build.gradle&#10;D:/Demo/1020Demo/RxAndroid-master/build.gradle&#10;D:/Demo/1020Demo/RxSample-master/build.gradle&#10;D:/Demo/1020Demo/RxJava-1.x/build.gradle&#10;D:/Demo/1020Demo/material-master/build.gradle&#10;D:/Download/genymotion-idea-plugin-20150929.jar&#10;E:/WorkSpace/VersionManger/Test&#10;E:/WorkSpace/VersionManger/fridge/android/Project/Fridge/build.gradle&#10;E:/WorkSpace/VersionManger/fridge/android/Project/SmartFridge_AS/build.gradle&#10;E:/WorkSpace/VersionManger/washer/android/Project/Washer/build.gradle&#10;D:/Demo/1020Demo/垃圾堆/NetKitchen/build.gradle&#10;D:/Demo/1020Demo/Kitchen/NetKitchen&#10;D:/Demo/1020Demo/AndroidHeroes-master/3.Android控件架构/ViewLayout/build.gradle&#10;D:/Demo/1020Demo/AndroidHeroes-master/12.L新特性/ActivityTrans/MyApplication/build.gradle&#10;D:/Demo/1020Demo/AndroidHeroes-master/12.L新特性/AnimatedSelector/build.gradle&#10;D:/Demo/1008Demo/newfile3/MySocketClientTest/build.gradle&#10;E:/WorkSpace/VersionManger/smartwasher/android/Project/SmartWasher/build.gradle&#10;D:/Demo/1008Demo/ActiveAndroidLibrary_AS/build.gradle&#10;D:/Demo/1008Demo/ActiveAndroidLibrary&#10;D:/Demo/1008Demo/ActiveAndroid-master/build.gradle" />
    <property name="lastTip" value="2" />
    <property name="file.colors.enable.non.project" value="494539" />
    <property name="file.colors.enable.tests" value="2a3b2c" />
    <property name="Non-Project Files" value="494539" />
    <property name="Tests" value="2a3b2c" />
    <property name="LOG_FILTER_HISTORY" value="2015-11-13-onDestroy:&#10;2015-11-13-onDestroy:2015-11-13-onDestroy:&#10;MainA&#10;zhk&#10;zhklog" />
    <property name="Android.Splitter.Proportion" value="0.2" />
    <property name="sm_test_statistics_table_columnsWidth0" value="75" />
    <property name="sm_test_statistics_table_columnsOrder0" value="0" />
    <property name="sm_test_statistics_table_columnsWidth1" value="75" />
    <property name="sm_test_statistics_table_columnsOrder1" value="1" />
    <property name="sm_test_statistics_table_columnsWidth2" value="75" />
    <property name="sm_test_statistics_table_columnsOrder2" value="2" />
    <property name="FindSplitterProportion" value="0.25" />
    <property name="last.imported.location" value="F:/Github/ProtocolAnalyze/build.gradle" />
    <property name="ChangesViewManager.DETAILS_SPLITTER_PROPORTION" value="0.5" />
    <property name="SAVED_COMPANY_DOMAIN" value="EthanCo.com" />
    <property name="MobileminApi" value="15" />
    <property name="FileTemplates.CurrentTab" value="Templates" />
    <property name="FileTemplates.SelectedTemplate" value="Html" />
    <property name="FileStructurePopup.narrowDown" value="true" />
    <property name="MemberChooser.sorted" value="false" />
    <property name="MemberChooser.showClasses" value="true" />
    <property name="MemberChooser.copyJavadoc" value="false" />
    <property name="Copy.OpenInEditor" value="true" />
    <property name="android-component-compatibility-check" value="1446534418082" />
    <property name="decompiler.legal.notice.accepted" value="true" />
    <property name="ProjectStructure.TopLevelElements" value="0.15" />
    <property name="ProjectStructure.SecondLevelElements" value="0.2" />
    <property name="ExpandBeforeRunStepsPanel" value="true" />
    <property name="RunConfigurable.dividerProportion" value="0.3" />
    <property name="MoveClassWithTarget.OpenInEditor" value="false" />
    <property name="ANDROID_DEBUG_SELECTED_TAB_AndroidRunConfigurationType" value="Watches" />
    <property name="PLUGIN_FILTER" value="Parcelable&#10;GsonFormat&#10;ButterKnifeZelezny&#10;material&#10;materi" />
    <property name="INSPECTION_FILTER_HISTORY" value="&quot;New in 13&quot;" />
    <property name="com.intellij.diagnostic.IdeErrorsDialogactiveTab" value="0" />
    <property name="fileTypeChangedCounter" value="1" />
    <property name="create.member.preselect.anonymous" value="false" />
    <property name="create.project.preferred.importer" value="Existing Sources" />
    <property name="project.jdk.splitter" value="0.2" />
    <property name="AndroidPlatformName" value="Android API 8 Platform" />
    <property name="MoveFile.OpenInEditor" value="true" />
    <property name="AndroidEnableDdms" value="true" />
    <property name="com.intellij.xdebugger.impl.breakpoints.ui.BreakpointsDialogFactory$1.splitter" value="0.3" />
    <property name="com.intellij.openapi.editor.actions.MultiplePasteAction$1.splitter" value="0.3" />
    <property name="ShowDocumentationInToolWindow" value="false" />
    <property name="filter_non_existing" value="false" />
    <property name="fieldPrivateMode" value="true" />
    <property name="useSerializedName" value="false" />
    <property name="objectFromData" value="false" />
    <property name="objectFromData1" value="false" />
    <property name="arrayFromData" value="false" />
    <property name="arrayFromData1" value="false" />
    <property name="objectFromDataStr" value="    public  static $ClassName$ objectFromData(String str){&#10;&#10;        return new com.google.gson.Gson().fromJson(str,$ClassName$.class);&#10;    }" />
    <property name="objectFromDataStr1" value="    public  static $ClassName$ objectFromData(String str, String key){&#10;&#10;        try {&#10;            org.json.JSONObject jsonObject=new org.json.JSONObject(str);&#10;&#10;            return new com.google.gson.Gson().fromJson(jsonObject.getString(str),$ClassName$.class);&#10;        } catch (org.json.JSONException e) {&#10;            e.printStackTrace();&#10;        }&#10;&#10;        return null;&#10;    }" />
    <property name="arrayFromData1Str" value="    public  static java.util.List&lt;$ClassName$&gt; array$ClassName$FromData(String str,String key){&#10;&#10;        try {&#10;            org.json.JSONObject jsonObject=new org.json.JSONObject(str);&#10;            java.lang.reflect.Type listType=new com.google.gson.reflect.TypeToken&lt;java.util.ArrayList&lt;$ClassName$&gt;&gt;(){}.getType();&#10;&#10;            return new com.google.gson.Gson().fromJson(jsonObject.getString(str),listType);&#10;&#10;        } catch (org.json.JSONException e) {&#10;            e.printStackTrace();&#10;        }&#10;&#10;        return new java.util.ArrayList();&#10;&#10;&#10;    }" />
    <property name="suffixStr" value="Entity" />
    <property name="reuseEntity" value="false" />
    <property name="virgoMode" value="true" />
    <property name="filedNamePreFixStr" value="null" />
    <property name="annotationStr" value="@com.google.gson.annotations.SerializedName\s*\(\s*&quot;{filed}&quot;\s*\)" />
    <property name="errorCount" value="0" />
    <property name="entityPackName" value="com.ebanswers.freezer.data.wechat." />
    <property name="useFiledNamePrefix" value="false" />
    <property name="plugins.preselection.path" value="D:/Download" />
    <property name="color.picker.is.hsb" value="false" />
    <property name="android.resource_dialog_splitter" value="0.8" />
  </component>
</application>