<application>
  <component name="RecentProjectsManager">
    <option name="recentPaths">
      <list>
        <option value="D:\Demo\1020Demo\SoftReferenceTest" />
        <option value="D:\Demo\1020Demo\MyApplication" />
        <option value="D:\Demo\1110Demo\command" />
        <option value="F:\Github\ProtocolAnalyze" />
        <option value="F:\Github\JoeFrame-ResideMenu\FrameProject" />
        <option value="D:\Download\CalcTest" />
        <option value="E:\WorkSpace\VersionManger\fridge\android\Project\Fridge" />
        <option value="D:\Download\okhttp-utils-master" />
        <option value="D:\Demo\1110Demo\MyPluginTheme" />
        <option value="D:\Demo\1110Demo\MyPlugin" />
        <option value="E:\WorkSpace\VersionManger\FreeKitchen\Project\FreeKitchen" />
        <option value="F:\Github\VaryButtonLayout" />
        <option value="D:\Demo\1110Demo\MyTest1109" />
        <option value="D:\Demo\VaryButtonDemo" />
        <option value="D:\Demo\MyViewTest1106" />
        <option value="D:\Demo\MyTest1109" />
        <option value="D:\Demo\ProgressRoundButton-master" />
        <option value="E:\WorkSpace\VersionManger\Test\MyAutoPowerOff" />
        <option value="D:\Demo\1020Demo\PrograssSchedule" />
        <option value="D:\Demo\1020Demo\ProgressRoundButton-master" />
        <option value="D:\Demo\1020Demo\2015110409542321778496\AVLoadingIndicatorView-master" />
        <option value="D:\Demo\1020Demo\MyTest1105" />
        <option value="D:\Demo\1020Demo\RxAndroid-master" />
        <option value="D:\Demo\1020Demo\RxJava-1.x" />
        <option value="D:\Demo\1020Demo\RxSample-master" />
      </list>
    </option>
    <option name="openPaths">
      <list>
        <option value="D:\Demo\1020Demo\SoftReferenceTest" />
      </list>
    </option>
    <option name="lastPath" value="D:\Demo\1020Demo\SoftReferenceTest" />
    <option name="lastProjectLocation" value="D:/Demo/1020Demo" />
  </component>
</application>