<application>
  <component name="StatisticsApplicationUsages">
    <group name="language-level">
      <project id="ProtocolAnalyze" values="JDK_1_7" collectionTime="1447376194974" />
      <project id="Android_Design_Support_Library_DEMO_AS" values="JDK_1_7" collectionTime="1444358726741" />
      <project id="MYTest917" values="JDK_1_7,JDK_1_6" collectionTime="1442468980718" />
      <project id="MySwitchView" values="JDK_1_7" collectionTime="1443493072271" />
      <project id="MySocketClientTest" values="JDK_1_7" collectionTime="1445233989117" />
      <project id="ViewLayout" values="JDK_1_7" collectionTime="1445403928500" />
      <project id="MyTest1013" values="JDK_1_7" collectionTime="1444725326581" />
      <project id="MyTest1012" values="JDK_1_7" collectionTime="1444615987799" />
      <project id="VaryButtonLayout" values="JDK_1_7" collectionTime="1447132037149" />
      <project id="DrawView" values="JDK_1_7" collectionTime="1442390510977" />
      <project id="GestureTest814" values="JDK_1_7" collectionTime="1444625003813" />
      <project id="MySocketTest_Conn" values="JDK_1_7" collectionTime="1444813277388" />
      <project id="TestEventBus_M" values="JDK_1_7" collectionTime="1442468381322" />
      <project id="MyTest108" values="JDK_1_7" collectionTime="1444268348812" />
      <project id="MyExceptionTest" values="JDK_1_7" collectionTime="1444294092538" />
      <project id="MyTest" values="JDK_1_7" collectionTime="1444633439564" />
      <project id="Fridge" values="JDK_1_7" collectionTime="1447319341631" />
      <project id="MyDataBindingTest" values="JDK_1_7" collectionTime="1443602829573" />
      <project id="MyTest928_2" values="JDK_1_7" collectionTime="1443429660475" />
      <project id="MyTest1009" values="JDK_1_7" collectionTime="1444359331280" />
      <project id="MyMVC_Test3" values="JDK_1_7" collectionTime="1442470968771" />
      <project id="MyActiveAndroidTest" values="JDK_1_7" collectionTime="1443599432238" />
      <project id="RxJava-1.x" values="JDK_1_6" collectionTime="1446708482521" />
      <project id="ActiveAndroidLibrary_AS" values="JDK_1_6,JDK_1_7" collectionTime="1444703644853" />
      <project id="SoftReference" values="JDK_1_7" collectionTime="1447395406559" />
      <project id="Washer" values="JDK_1_7" collectionTime="1446017569208" />
      <project id="SmartWasher" values="JDK_1_7" collectionTime="1444800897270" />
      <project id="MyTest11" values="JDK_1_7" collectionTime="1443163435876" />
      <project id="MyTest1109" values="JDK_1_7" collectionTime="1447126332664" />
      <project id="ToolbarDemo" values="JDK_1_7" collectionTime="1444378831071" />
      <project id="MyTest1105" values="JDK_1_7" collectionTime="1446714326375" />
      <project id="MyTest1104" values="JDK_1_7" collectionTime="1446686347798" />
      <project id="ActiveAndroidLibrary" values="JDK_1_6,JDK_1_7" collectionTime="1444637227581" />
      <project id="MyGooView" values="JDK_1_7" collectionTime="1445410748569" />
      <project id="MyRoboguiceTest" values="JDK_1_7" collectionTime="1443144621276" />
      <project id="MyTest929" values="JDK_1_7" collectionTime="1443602816744" />
      <project id="HandDraw" values="JDK_1_7" collectionTime="1442449799925" />
      <project id="StartUpTest" values="JDK_1_7" collectionTime="1442995340630" />
      <project id="RxjavaTest" values="JDK_1_7" collectionTime="1446705869778" />
      <project id="MyViewTest1106" values="JDK_1_7" collectionTime="1447044311746" />
      <project id="MyBind" values="JDK_1_7" collectionTime="1442539076132" />
      <project id="NetKitchen" values="JDK_1_6" collectionTime="1445406587167" />
      <project id="MyTest930" values="JDK_1_7" collectionTime="1443604261557" />
      <project id="MyTest2" values="JDK_1_7" collectionTime="1442384792462" />
      <project id="DragViewTest" values="JDK_1_7" collectionTime="1443582341127" />
      <project id="VaryButtonDemo" values="JDK_1_7" collectionTime="1447115280396" />
      <project id="MyTest1028" values="JDK_1_7" collectionTime="1446097535148" />
      <project id="MySocketConnTest" values="JDK_1_7" collectionTime="1444985674238" />
      <project id="MyTestExcel" values="JDK_1_7" collectionTime="1443172280960" />
      <project id="CalcTest" values="JDK_1_7" collectionTime="1447319810762" />
      <project id="MyApplication" values="JDK_1_7" collectionTime="1445327961761" />
      <project id="CardViewTest" values="JDK_1_7" collectionTime="1443604000678" />
      <project id="MyReadExcel_jxl" values="JDK_1_7" collectionTime="1443425424031" />
      <project id="MyDe925" values="JDK_1_7" collectionTime="1443173382248" />
      <project id="MyMVP_Test" values="JDK_1_7" collectionTime="1442465781305" />
      <project id="MyActiveAndroid" values="JDK_1_7" collectionTime="1444637958608" />
      <project id="MyTest928" values="JDK_1_7" collectionTime="1443491929860" />
      <project id="SmartFridge_AS" values="JDK_1_7" collectionTime="1446626721682" />
      <project id="MyTest925" values="JDK_1_7" collectionTime="1443599460840" />
      <project id="FreeKitchen" values="JDK_1_7" collectionTime="1447135345619" />
      <project id="DrawerLayoutTest" values="JDK_1_7" collectionTime="1444375600685" />
      <project id="MyPluginTheme" values="JDK_1_7" collectionTime="1447290756033" />
      <project id="BlockIconTextMenu-master" values="JDK_1_7" collectionTime="1443433503002" />
      <project id="MyTTTTTTT" values="JDK_1_7" collectionTime="1444624752278" />
      <project id="ActiveAndroid-master" values="JDK_1_6" collectionTime="1444636593389" />
      <project id="MyTextExcel_XLSX" values="JDK_1_7" collectionTime="1443425422916" />
      <project id="AndroidThreadTest" values="JDK_1_7" collectionTime="1444357296315" />
      <project id="MyAutoPowerOff" values="JDK_1_7" collectionTime="1446799871967" />
      <project id="RxSample-master" values="JDK_1_8,JDK_1_6" collectionTime="1446707556787" />
      <project id="FrameProject" values="JDK_1_7" collectionTime="1447375652576" />
      <project id="command" values="JDK_1_7" collectionTime="1447395268373" />
      <project id="MyTest1030" values="JDK_1_7" collectionTime="1446519637007" />
      <project id="MyTest915" values="JDK_1_7" collectionTime="1442305401353" />
      <project id="AVLoadingIndicatorView-master" values="JDK_1_7" collectionTime="1446780527499" />
      <project id="MyExcelDemo" values="JDK_1_7" collectionTime="1443162164218" />
      <project id="SwitchCheckBoxDemo" values="JDK_1_7" collectionTime="1442366484228" />
      <project id="MyMVVM_DataBinding" values="JDK_1_7" collectionTime="1442466886519" />
      <project id="SpannableStringTest" values="JDK_1_7" collectionTime="1443142580535" />
      <project id="AnimatedSelector" values="JDK_1_7" collectionTime="1445327960248" />
      <project id="MyTest918" values="JDK_1_7" collectionTime="1442547648145" />
      <project id="MyTest916" values="JDK_1_7" collectionTime="1442381590263" />
      <project id="netease_splash-master" values="JDK_1_7" collectionTime="1444464188608" />
      <project id="PrograssSchedule" values="JDK_1_7" collectionTime="1446780529544" />
      <project id="ActivityAnim" values="JDK_1_7" collectionTime="1443604238996" />
      <project id="Android-Universal-Image-Loader-master" values="JDK_1_7,JDK_1_6" collectionTime="1442373626158" />
      <project id="AutoSelector" values="JDK_1_7" collectionTime="1442480776070" />
      <project id="MyMVC_Test2" values="JDK_1_7" collectionTime="1442475997464" />
      <project id="MyPlugin" values="JDK_1_7" collectionTime="1447144662640" />
      <project id="material-master" values="JDK_1_6" collectionTime="1446707678345" />
      <project id="MyActivityAnim" values="JDK_1_7" collectionTime="1444264037852" />
      <project id="xUtils_DButils" values="JDK_1_7" collectionTime="1442388406522" />
      <project id="MyTest917_3" values="JDK_1_7" collectionTime="1442469816904" />
      <project id="MyTest1023" values="JDK_1_7" collectionTime="1445821132859" />
      <project id="ProgressRoundButton-master" values="JDK_1_7" collectionTime="1447029630121" />
      <project id="MyTest1021" values="JDK_1_7" collectionTime="1445421100175" />
      <project id="MyTest1020" values="JDK_1_7" collectionTime="1445324711500" />
      <project id="MyReadExcel" values="JDK_1_7" collectionTime="1443403513046" />
      <project id="MyNew" values="JDK_1_7" collectionTime="1443173781501" />
      <project id="MyJpushTest" values="JDK_1_7" collectionTime="1444295039187" />
      <project id="SwipeMenuListView-master" values="JDK_1_7" collectionTime="1444611096312" />
      <project id="SoftReferenceTest" values="JDK_1_7" collectionTime="1447405559191" />
      <project id="ManagerTest925" values="JDK_1_7" collectionTime="1443152070905" />
      <project id="MyMenuTest" values="JDK_1_7" collectionTime="1444378644014" />
      <project id="MyViewTest1020" values="JDK_1_7" collectionTime="1445328087039" />
      <project id="MyTest918_2" values="JDK_1_6" collectionTime="1442991848349" />
      <project id="My Application" values="JDK_1_7" collectionTime="1442479265481" />
      <project id="MySystemServiceTest" values="JDK_1_7" collectionTime="1444966468522" />
      <project id="XUtils_HttpUtils_Test" values="JDK_1_7" collectionTime="1442381127312" />
      <project id="PercentRelativeLayoutTest" values="JDK_1_7" collectionTime="1442471467760" />
      <project id="okhttp-utils-master" values="JDK_1_7" collectionTime="1447297059494" />
    </group>
    <group name="run-configuration-type-temp">
      <project id="command" values="AndroidTestRunConfigurationType" collectionTime="1447395268219" />
    </group>
    <group name="compiler">
      <project id="MyTest1028" values="auto_make" collectionTime="1446097535145" />
    </group>
    <group name="vcs">
      <project id="MyTest1013" values="svn" collectionTime="1444725326314" />
      <project id="FreeKitchen" values="svn" collectionTime="1447135345566" />
      <project id="MyTest1020" values="svn" collectionTime="1445324711429" />
      <project id="SmartWasher" values="svn" collectionTime="1444800897199" />
      <project id="SmartFridge_AS" values="svn" collectionTime="1446626721486" />
      <project id="MyViewTest1020" values="svn" collectionTime="1445328086973" />
      <project id="MySocketTest_Conn" values="svn" collectionTime="1444813277185" />
    </group>
    <group name="svn working copy format">
      <project id="SmartWasher" values="1.8" collectionTime="1444800897270" />
      <project id="SmartFridge_AS" values="1.8" collectionTime="1446626721682" />
      <project id="FreeKitchen" values="1.8" collectionTime="1447135345619" />
    </group>
    <group name="frameworks">
      <project id="ProtocolAnalyze" values="android,java-gradle,android-gradle" collectionTime="1447376194922" />
      <project id="Android_Design_Support_Library_DEMO_AS" values="android" collectionTime="1444358726682" />
      <project id="MYTest917" values="android-gradle,android,java-gradle" collectionTime="1442468980661" />
      <project id="MySwitchView" values="android-gradle,java-gradle,android" collectionTime="1443493072211" />
      <project id="MySocketClientTest" values="java-gradle,android,android-gradle" collectionTime="1445233989054" />
      <project id="MyTest1013" values="android,android-gradle,java-gradle" collectionTime="1444725326314" />
      <project id="MyTest1012" values="android-gradle,java-gradle,android" collectionTime="1444615987715" />
      <project id="VaryButtonLayout" values="java-gradle,android-gradle,android" collectionTime="1447132037054" />
      <project id="DrawView" values="android-gradle,android,java-gradle" collectionTime="1442390510850" />
      <project id="GestureTest814" values="android-gradle,android,java-gradle" collectionTime="1444625003743" />
      <project id="MySocketTest_Conn" values="android-gradle,java-gradle,android" collectionTime="1444813277186" />
      <project id="TestEventBus_M" values="android,android-gradle,java-gradle" collectionTime="1442468381255" />
      <project id="MyTest108" values="android-gradle,android,java-gradle" collectionTime="1444268348651" />
      <project id="MyExceptionTest" values="java-gradle,android-gradle,android" collectionTime="1444294092474" />
      <project id="MyTest" values="android,android-gradle,java-gradle" collectionTime="1444633439482" />
      <project id="Fridge" values="android-gradle,java-gradle,android" collectionTime="1447319341574" />
      <project id="DrawerLayoutTest" values="android,android-gradle,java-gradle" collectionTime="1444375600549" />
      <project id="MyDataBindingTest" values="java-gradle,android,android-gradle" collectionTime="1443602829516" />
      <project id="MyTest928_2" values="android,java-gradle,android-gradle" collectionTime="1443429660424" />
      <project id="MyTest1009" values="java-gradle,android-gradle,android" collectionTime="1444359330950" />
      <project id="MyMVC_Test3" values="android,android-gradle,java-gradle" collectionTime="1442470968722" />
      <project id="MyActiveAndroidTest" values="android,android-gradle" collectionTime="1443599432088" />
      <project id="BlockIconTextMenu-master" values="java-gradle,android-gradle,android" collectionTime="1443433502866" />
      <project id="ActiveAndroidLibrary_AS" values="android,android-gradle,java-gradle" collectionTime="1444703644752" />
      <project id="SoftReference" values="java-gradle,android-gradle,android" collectionTime="1447395406479" />
      <project id="netease_splash-master" values="android-gradle,android,java-gradle" collectionTime="1444464188385" />
      <project id="Washer" values="android-gradle,java-gradle,android" collectionTime="1446017568997" />
      <project id="SmartWasher" values="android-gradle,java-gradle,android" collectionTime="1444800897199" />
      <project id="MyTest11" values="java-gradle,android,android-gradle" collectionTime="1443163435728" />
      <project id="MyTest1109" values="android,android-gradle,java-gradle" collectionTime="1447126332613" />
      <project id="RxJava-1.x" values="android-gradle,android" collectionTime="1446708482507" />
      <project id="MyTest1105" values="android-gradle,java-gradle,android" collectionTime="1446714326266" />
      <project id="MyTest1104" values="android-gradle,android,java-gradle" collectionTime="1446686347648" />
      <project id="ActiveAndroidLibrary" values="android,android-gradle,java-gradle" collectionTime="1444637227519" />
      <project id="MyGooView" values="android-gradle,java-gradle,android" collectionTime="1445410748148" />
      <project id="MyRoboguiceTest" values="java-gradle,android-gradle,android" collectionTime="1443144621096" />
      <project id="MyTest929" values="android-gradle,java-gradle,android" collectionTime="1443602816665" />
      <project id="HandDraw" values="android-gradle,java-gradle,android" collectionTime="1442449799662" />
      <project id="StartUpTest" values="java-gradle" collectionTime="1442995340580" />
      <project id="RxjavaTest" values="java-gradle,android,android-gradle" collectionTime="1446705869727" />
      <project id="MyViewTest1106" values="android-gradle,java-gradle,android" collectionTime="1447044311653" />
      <project id="MyBind" values="android-gradle,java-gradle,android" collectionTime="1442539075858" />
      <project id="NetKitchen" values="android,android-gradle" collectionTime="1445406587135" />
      <project id="MyTest930" values="java-gradle,android-gradle,android" collectionTime="1443604261486" />
      <project id="MyTest2" values="android-gradle,java-gradle,android" collectionTime="1442384792410" />
      <project id="MyAutoPowerOff" values="android-gradle,android,java-gradle" collectionTime="1446799871890" />
      <project id="MyTest1023" values="android-gradle,java-gradle,android" collectionTime="1445821131917" />
      <project id="MyTest1028" values="android-gradle,android,java-gradle" collectionTime="1446097535095" />
      <project id="MySocketConnTest" values="android,java-gradle,android-gradle" collectionTime="1444985674171" />
      <project id="MyTestExcel" values="android-gradle,java-gradle,android" collectionTime="1443172280360" />
      <project id="CalcTest" values="android,android-gradle,java-gradle" collectionTime="1447319810709" />
      <project id="MyApplication" values="android,android-gradle,java-gradle" collectionTime="1445327961713" />
      <project id="CardViewTest" values="android,android-gradle,java-gradle" collectionTime="1443604000618" />
      <project id="MyReadExcel_jxl" values="android-gradle,android,java-gradle" collectionTime="1443425423940" />
      <project id="MyDe925" values="java-gradle,android,android-gradle" collectionTime="1443173382142" />
      <project id="MyMVP_Test" values="android-gradle,java-gradle,android" collectionTime="1442465781243" />
      <project id="MyActiveAndroid" values="java-gradle,android-gradle,android" collectionTime="1444637958544" />
      <project id="MyTest928" values="android-gradle,android,java-gradle" collectionTime="1443491929632" />
      <project id="VaryButtonDemo" values="java-gradle,android,android-gradle" collectionTime="1447115280179" />
      <project id="MyTest925" values="android-gradle,java-gradle,android" collectionTime="1443599460605" />
      <project id="FreeKitchen" values="android,android-gradle,java-gradle" collectionTime="1447135345566" />
      <project id="xUtils_DButils" values="android-gradle,android,java-gradle" collectionTime="1442388406466" />
      <project id="MyPluginTheme" values="java-gradle,android-gradle,android" collectionTime="1447290755518" />
      <project id="XUtils_HttpUtils_Test" values="java-gradle,android,android-gradle" collectionTime="1442381127070" />
      <project id="MyTTTTTTT" values="java-gradle,android-gradle,android" collectionTime="1444624751936" />
      <project id="MyTextExcel_XLSX" values="android-gradle,android,java-gradle" collectionTime="1443425422868" />
      <project id="AndroidThreadTest" values="android,java-gradle,android-gradle" collectionTime="1444357296053" />
      <project id="RxSample-master" values="android-gradle,android,java-gradle" collectionTime="1446707556683" />
      <project id="AnimatedSelector" values="android,android-gradle,java-gradle" collectionTime="1445327960106" />
      <project id="command" values="android,android-gradle,java-gradle" collectionTime="1447395268218" />
      <project id="MyTest1030" values="android-gradle,java-gradle,android" collectionTime="1446519636690" />
      <project id="AVLoadingIndicatorView-master" values="android,java-gradle,android-gradle" collectionTime="1446780527400" />
      <project id="MyExcelDemo" values="android,java-gradle,android-gradle" collectionTime="1443162164100" />
      <project id="SpannableStringTest" values="android-gradle,java-gradle,android" collectionTime="1443142580363" />
      <project id="MyMVVM_DataBinding" values="java-gradle,android,android-gradle" collectionTime="1442466886469" />
      <project id="FrameProject" values="android,java-gradle,android-gradle" collectionTime="1447375652093" />
      <project id="MyTest918" values="java-gradle,android,android-gradle" collectionTime="1442547648030" />
      <project id="MyMenuTest" values="android,android-gradle,java-gradle" collectionTime="1444378643955" />
      <project id="MyTest915" values="android,android-gradle,java-gradle" collectionTime="1442305401008" />
      <project id="PrograssSchedule" values="android-gradle,android,java-gradle" collectionTime="1446780529495" />
      <project id="ActivityAnim" values="android-gradle,android,java-gradle" collectionTime="1443604238914" />
      <project id="DragViewTest" values="java-gradle,android-gradle,android" collectionTime="1443582341058" />
      <project id="Android-Universal-Image-Loader-master" values="java-gradle,android-gradle,android" collectionTime="1442373625957" />
      <project id="AutoSelector" values="android,android-gradle,java-gradle" collectionTime="1442480775910" />
      <project id="MyMVC_Test2" values="android-gradle,android,java-gradle" collectionTime="1442475997250" />
      <project id="MyPlugin" values="java-gradle,android,android-gradle" collectionTime="1447144662465" />
      <project id="material-master" values="android-gradle,android" collectionTime="1446707678337" />
      <project id="MyActivityAnim" values="java-gradle,android-gradle,android" collectionTime="1444264037711" />
      <project id="MyTest917_3" values="android,android-gradle,java-gradle" collectionTime="1442469816854" />
      <project id="ViewLayout" values="java-gradle,android,android-gradle" collectionTime="1445403928422" />
      <project id="ProgressRoundButton-master" values="android-gradle,android,java-gradle" collectionTime="1447029629729" />
      <project id="MyTest1021" values="android,android-gradle,java-gradle" collectionTime="1445421100019" />
      <project id="MyTest1020" values="android-gradle,java-gradle,android" collectionTime="1445324711429" />
      <project id="MyReadExcel" values="java-gradle,android,android-gradle" collectionTime="1443403512879" />
      <project id="MyNew" values="android-gradle,java-gradle,android" collectionTime="1443173781462" />
      <project id="MyJpushTest" values="android-gradle,java-gradle,android" collectionTime="1444295039039" />
      <project id="SwipeMenuListView-master" values="java-gradle,android,android-gradle" collectionTime="1444611095941" />
      <project id="SoftReferenceTest" values="android-gradle,android,java-gradle" collectionTime="1447405559001" />
      <project id="ManagerTest925" values="android,java-gradle,android-gradle" collectionTime="1443152070490" />
      <project id="ToolbarDemo" values="android,android-gradle,java-gradle" collectionTime="1444378831021" />
      <project id="MyTest916" values="android-gradle,android,java-gradle" collectionTime="1442381590200" />
      <project id="MyViewTest1020" values="java-gradle,android-gradle,android" collectionTime="1445328086973" />
      <project id="SmartFridge_AS" values="android,android-gradle,java-gradle" collectionTime="1446626721486" />
      <project id="My Application" values="java-gradle,android-gradle,android" collectionTime="1442479265338" />
      <project id="MySystemServiceTest" values="java-gradle,android-gradle,android" collectionTime="1444966468478" />
      <project id="SwitchCheckBoxDemo" values="android,android-gradle,java-gradle" collectionTime="1442366484090" />
      <project id="PercentRelativeLayoutTest" values="android,java-gradle,android-gradle" collectionTime="1442471467679" />
      <project id="okhttp-utils-master" values="android,java-gradle,android-gradle" collectionTime="1447297059386" />
    </group>
    <group name="file-type">
      <project id="ProtocolAnalyze" values="ProGuard File,PLAIN_TEXT,JAVA,Groovy,UNKNOWN,ARCHIVE,XML,Properties,AIDL,Images,IDEA_MODULE" collectionTime="1447376194973" />
      <project id="Android_Design_Support_Library_DEMO_AS" values="XML,JAVA,AIDL,Images,Groovy,PLAIN_TEXT,IDEA_MODULE,ARCHIVE,Properties,ProGuard File,UNKNOWN" collectionTime="1444358726740" />
      <project id="MYTest917" values="Images,UNKNOWN,PLAIN_TEXT,Properties,Manifest,AIDL,IDEA_MODULE,ProGuard File,XML,Groovy,ARCHIVE,JAVA" collectionTime="1442468980717" />
      <project id="MySwitchView" values="PLAIN_TEXT,XML,ARCHIVE,ProGuard File,JAVA,AIDL,UNKNOWN,Groovy,Properties,Images,IDEA_MODULE" collectionTime="1443493072270" />
      <project id="MySocketClientTest" values="UNKNOWN,ARCHIVE,AIDL,Images,Properties,JAVA,Groovy,ProGuard File,PLAIN_TEXT,XML,IDEA_MODULE" collectionTime="1445233989113" />
      <project id="ViewLayout" values="Images,ARCHIVE,PLAIN_TEXT,JAVA,IDEA_MODULE,Properties,UNKNOWN,Groovy,SQL,XML,ProGuard File" collectionTime="1445403928500" />
      <project id="MyTest1013" values="UNKNOWN" collectionTime="1444725326543" />
      <project id="MyTest1012" values="AIDL,XML,IDEA_MODULE,Groovy,ARCHIVE,Properties,ProGuard File,Images,JAVA,UNKNOWN,PLAIN_TEXT" collectionTime="1444615987797" />
      <project id="VaryButtonLayout" values="Properties,AIDL,Images,XML,UNKNOWN,Groovy,ProGuard File,JAVA,IDEA_MODULE,ARCHIVE,PLAIN_TEXT" collectionTime="1447132037132" />
      <project id="DrawView" values="JAVA,IDEA_MODULE,PLAIN_TEXT,AIDL,Properties,ProGuard File,Images,Groovy,UNKNOWN,XML,ARCHIVE" collectionTime="1442390510976" />
      <project id="GestureTest814" values="Properties,IDEA_MODULE,UNKNOWN,JAVA,AIDL,ARCHIVE,XML,Images,Groovy,PLAIN_TEXT,ProGuard File" collectionTime="1444625003812" />
      <project id="MySocketTest_Conn" values="ARCHIVE,XML,Properties,Images,JAVA,UNKNOWN" collectionTime="1444813277361" />
      <project id="TestEventBus_M" values="ProGuard File,ARCHIVE,IDEA_MODULE,UNKNOWN,Properties,Images,PLAIN_TEXT,Groovy,JAVA,AIDL,XML" collectionTime="1442468381320" />
      <project id="MyTest108" values="AIDL,UNKNOWN,JAVA,ARCHIVE,IDEA_MODULE,Properties,ProGuard File,Groovy,XML,PLAIN_TEXT,Images" collectionTime="1444268348788" />
      <project id="MyExceptionTest" values="ProGuard File,JAVA,PLAIN_TEXT,Properties,ARCHIVE,IDEA_MODULE,Groovy,Images,AIDL,XML,UNKNOWN" collectionTime="1444294092537" />
      <project id="MyTest" values="ARCHIVE,Properties,UNKNOWN,XML,ProGuard File,IDEA_MODULE,Groovy,Images,PLAIN_TEXT,JAVA,AIDL" collectionTime="1444633439560" />
      <project id="Fridge" values="ARCHIVE,PLAIN_TEXT,Images,AIDL,ProGuard File,JAVA,Properties,UNKNOWN,IDEA_MODULE,Groovy,XML" collectionTime="1447319341628" />
      <project id="MyDataBindingTest" values="IDEA_MODULE,ARCHIVE,JAVA,UNKNOWN,AIDL,ProGuard File,Groovy,Images,Properties,XML,PLAIN_TEXT" collectionTime="1443602829572" />
      <project id="MyTest928_2" values="IDEA_MODULE,UNKNOWN,Images,Properties,ProGuard File,AIDL,XML,JAVA,ARCHIVE,PLAIN_TEXT,Groovy" collectionTime="1443429660475" />
      <project id="MyTest1009" values="Groovy,UNKNOWN,JAVA,IDEA_MODULE,ARCHIVE,PLAIN_TEXT,AIDL,Properties,ProGuard File,XML,Images" collectionTime="1444359331240" />
      <project id="MyMVC_Test3" values="AIDL,Images,Groovy,UNKNOWN,CLASS,JAVA,Properties,ARCHIVE,XML,ProGuard File,IDEA_MODULE,Manifest,PLAIN_TEXT" collectionTime="1442470968770" />
      <project id="MyActiveAndroidTest" values="ProGuard File,Groovy,Images,JAVA,UNKNOWN,XML,ARCHIVE,IDEA_MODULE,Properties,PLAIN_TEXT" collectionTime="1443599432226" />
      <project id="RxJava-1.x" values="XML,HTML,JAVA,Groovy,UNKNOWN,ARCHIVE,IDEA_MODULE,PLAIN_TEXT,Properties" collectionTime="1446708482518" />
      <project id="ActiveAndroidLibrary_AS" values="Groovy,ARCHIVE,XML,IDEA_MODULE,Properties,UNKNOWN,JAVA,PLAIN_TEXT" collectionTime="1444703644851" />
      <project id="SoftReference" values="JAVA,UNKNOWN,Properties,ARCHIVE,IDEA_MODULE,Images,ProGuard File,XML,AIDL,PLAIN_TEXT,Groovy" collectionTime="1447395406558" />
      <project id="Washer" values="IDEA_MODULE,PLAIN_TEXT,ARCHIVE,JAVA,HTML,AIDL,UNKNOWN,ProGuard File,Properties,XML,JavaScript,Images,CSS,Groovy" collectionTime="1446017569186" />
      <project id="SmartWasher" values="PLAIN_TEXT,ProGuard File,Properties,XML,UNKNOWN,ARCHIVE,AIDL,IDEA_MODULE,Groovy,Images,JAVA" collectionTime="1444800897268" />
      <project id="MyTest11" values="Images,ARCHIVE,PLAIN_TEXT,Groovy,IDEA_MODULE,UNKNOWN,JAVA,AIDL,XML,Properties,ProGuard File" collectionTime="1443163435875" />
      <project id="MyTest1109" values="Images,JAVA,ARCHIVE,XML,UNKNOWN,Groovy,ProGuard File,AIDL,IDEA_MODULE,PLAIN_TEXT,Properties" collectionTime="1447126332662" />
      <project id="ToolbarDemo" values="UNKNOWN,AIDL,ProGuard File,XML,Groovy,ARCHIVE,PLAIN_TEXT,Images,IDEA_MODULE,Properties,JAVA" collectionTime="1444378831070" />
      <project id="MyTest1105" values="PLAIN_TEXT,ProGuard File,Properties,AIDL,IDEA_MODULE,JAVA,Groovy,XML,Images,ARCHIVE,UNKNOWN" collectionTime="1446714326344" />
      <project id="MyTest1104" values="AIDL,ProGuard File,IDEA_MODULE,Images,JAVA,PLAIN_TEXT,ARCHIVE,XML,UNKNOWN,Groovy,Properties" collectionTime="1446686347773" />
      <project id="ActiveAndroidLibrary" values="Properties,PLAIN_TEXT,JAVA,XML,IDEA_MODULE,ARCHIVE,Groovy,UNKNOWN" collectionTime="1444637227580" />
      <project id="MyGooView" values="Properties,Groovy,XML,Images,AIDL,IDEA_MODULE,UNKNOWN,ARCHIVE,ProGuard File,JAVA,PLAIN_TEXT" collectionTime="1445410748531" />
      <project id="MyRoboguiceTest" values="XML,Images,JAVA,Properties,UNKNOWN,IDEA_MODULE,ARCHIVE,PLAIN_TEXT,Groovy,AIDL" collectionTime="1443144621256" />
      <project id="MyTest929" values="IDEA_MODULE,Properties,PLAIN_TEXT,UNKNOWN,Images,ProGuard File,ARCHIVE,Groovy,XML,AIDL,JAVA" collectionTime="1443602816721" />
      <project id="HandDraw" values="AIDL,Groovy,IDEA_MODULE,JAVA,XML,PLAIN_TEXT,Images,ARCHIVE,UNKNOWN,Properties,ProGuard File" collectionTime="1442449799897" />
      <project id="StartUpTest" values="Images,XML,AIDL,IDEA_MODULE,Properties,ProGuard File,Groovy,ARCHIVE,PLAIN_TEXT,CLASS,UNKNOWN,JAVA" collectionTime="1442995340628" />
      <project id="RxjavaTest" values="Images,XML,IDEA_MODULE,JAVA,ARCHIVE,ProGuard File,PLAIN_TEXT,HTML,Groovy,UNKNOWN,AIDL,Properties" collectionTime="1446705869777" />
      <project id="MyViewTest1106" values="AIDL,Groovy,JAVA,ProGuard File,PLAIN_TEXT,Images,IDEA_MODULE,UNKNOWN,Properties,ARCHIVE,XML" collectionTime="1447044311744" />
      <project id="MyBind" values="IDEA_MODULE,AIDL,Properties,ARCHIVE,XML,Groovy,JAVA,PLAIN_TEXT,Images,UNKNOWN,ProGuard File" collectionTime="1442539076065" />
      <project id="NetKitchen" values="Images,PLAIN_TEXT,Properties,AIDL,JavaScript,Groovy,IDEA_MODULE,ARCHIVE,UNKNOWN,JSON,HTML,JAVA,XML,ProGuard File" collectionTime="1445406587151" />
      <project id="MyTest930" values="ARCHIVE,UNKNOWN,Properties,ProGuard File,IDEA_MODULE,XML,Images,PLAIN_TEXT,Groovy,JAVA" collectionTime="1443604261556" />
      <project id="MyTest2" values="Groovy,ARCHIVE,PLAIN_TEXT,UNKNOWN,Images,IDEA_MODULE,Properties,ProGuard File,XML,AIDL,JAVA" collectionTime="1442384792461" />
      <project id="DragViewTest" values="IDEA_MODULE,ARCHIVE,PLAIN_TEXT,ProGuard File,XML,UNKNOWN,Properties,Images,JAVA,Groovy" collectionTime="1443582341126" />
      <project id="VaryButtonDemo" values="XML,Images,Groovy,AIDL,UNKNOWN,Properties,ARCHIVE,IDEA_MODULE,ProGuard File,JAVA,PLAIN_TEXT" collectionTime="1447115280374" />
      <project id="MyTest1028" values="Images,XML,UNKNOWN,Properties,Groovy,ARCHIVE,IDEA_MODULE,ProGuard File,AIDL,PLAIN_TEXT,JAVA" collectionTime="1446097535145" />
      <project id="MySocketConnTest" values="UNKNOWN,JAVA,AIDL,XML,ProGuard File,Properties,ARCHIVE,PLAIN_TEXT,IDEA_MODULE,Images,Groovy" collectionTime="1444985674237" />
      <project id="MyTestExcel" values="ProGuard File,Properties,XML,PLAIN_TEXT,Images,AIDL,ARCHIVE,Groovy,IDEA_MODULE,UNKNOWN,JAVA" collectionTime="1443172280939" />
      <project id="CalcTest" values="ProGuard File,Groovy,JAVA,XML,UNKNOWN,Images,AIDL,Properties,PLAIN_TEXT,ARCHIVE,IDEA_MODULE" collectionTime="1447319810761" />
      <project id="MyApplication" values="IDEA_MODULE,Images,ProGuard File,ARCHIVE,PLAIN_TEXT,Groovy,Properties,JAVA,UNKNOWN,XML" collectionTime="1445327961760" />
      <project id="CardViewTest" values="UNKNOWN,ARCHIVE,PLAIN_TEXT,XML,Properties,Groovy,ProGuard File,IDEA_MODULE,JAVA,Images" collectionTime="1443604000677" />
      <project id="MyReadExcel_jxl" values="XML,Images,PLAIN_TEXT,ProGuard File,UNKNOWN,JAVA,Properties,AIDL,Groovy,ARCHIVE,IDEA_MODULE" collectionTime="1443425424030" />
      <project id="MyDe925" values="XML,ProGuard File,AIDL,PLAIN_TEXT,ARCHIVE,Images,IDEA_MODULE,UNKNOWN,Groovy,Properties,JAVA" collectionTime="1443173382247" />
      <project id="MyMVP_Test" values="XML,JAVA,Properties,Groovy,PLAIN_TEXT,AIDL,Images,IDEA_MODULE,UNKNOWN,ProGuard File,ARCHIVE" collectionTime="1442465781304" />
      <project id="MyActiveAndroid" values="JAVA,IDEA_MODULE,UNKNOWN,ARCHIVE,Manifest,Images,AIDL,PLAIN_TEXT,CLASS,Groovy,XML,Properties,ProGuard File" collectionTime="1444637958600" />
      <project id="MyTest928" values="IDEA_MODULE,UNKNOWN,Groovy,ProGuard File,ARCHIVE,Properties,XML,JAVA,Images,AIDL,PLAIN_TEXT" collectionTime="1443491929844" />
      <project id="SmartFridge_AS" values="AIDL,Images,IDEA_MODULE,JAVA,XML,Groovy,Properties,PLAIN_TEXT,ARCHIVE,UNKNOWN,ProGuard File" collectionTime="1446626721639" />
      <project id="MyTest925" values="PLAIN_TEXT,ProGuard File,Images,AIDL,UNKNOWN,JAVA,ARCHIVE,XML,Properties,IDEA_MODULE,Groovy" collectionTime="1443599460839" />
      <project id="FreeKitchen" values="PLAIN_TEXT,Images,JAVA,AIDL,ARCHIVE,Groovy,UNKNOWN,IDEA_MODULE,XML,Properties,ProGuard File" collectionTime="1447135345618" />
      <project id="DrawerLayoutTest" values="JAVA,IDEA_MODULE,ProGuard File,Groovy,AIDL,Images,XML,Properties,ARCHIVE,PLAIN_TEXT,UNKNOWN" collectionTime="1444375600634" />
      <project id="MyPluginTheme" values="ARCHIVE,Groovy,IDEA_MODULE,Images,ProGuard File,UNKNOWN,JAVA,XML,PLAIN_TEXT,AIDL,Properties" collectionTime="1447290755973" />
      <project id="BlockIconTextMenu-master" values="JAVA,IDEA_MODULE,AIDL,XML,Properties,UNKNOWN,ProGuard File,ARCHIVE,PLAIN_TEXT,Images,Groovy" collectionTime="1443433502986" />
      <project id="MyTTTTTTT" values="PLAIN_TEXT,Groovy,UNKNOWN,ARCHIVE,IDEA_MODULE,Images,Properties,ProGuard File,AIDL,XML,JAVA" collectionTime="1444624752145" />
      <project id="ActiveAndroid-master" values="PLAIN_TEXT,XML,UNKNOWN,Groovy,ARCHIVE,Images,SQL,JAVA,IDEA_MODULE,Properties" collectionTime="1444636593359" />
      <project id="MyTextExcel_XLSX" values="JAVA,PLAIN_TEXT,ProGuard File,ARCHIVE,UNKNOWN,IDEA_MODULE,XML,Groovy,Properties,Images,AIDL" collectionTime="1443425422914" />
      <project id="AndroidThreadTest" values="ARCHIVE,Images,AIDL,PLAIN_TEXT,JAVA,IDEA_MODULE,XML,UNKNOWN,Groovy,Properties,ProGuard File" collectionTime="1444357296236" />
      <project id="MyAutoPowerOff" values="ProGuard File,Images,PLAIN_TEXT,ARCHIVE,UNKNOWN,AIDL,IDEA_MODULE,JAVA,XML,Groovy,Properties" collectionTime="1446799871963" />
      <project id="RxSample-master" values="ProGuard File,IDEA_MODULE,Images,ARCHIVE,AIDL,Properties,UNKNOWN,XML,JAVA,Groovy,PLAIN_TEXT" collectionTime="1446707556787" />
      <project id="FrameProject" values="Properties,IDEA_MODULE,Groovy,PLAIN_TEXT,JAVA,Images,AIDL,ProGuard File,XML,ARCHIVE,UNKNOWN" collectionTime="1447375652543" />
      <project id="command" values="ARCHIVE,PLAIN_TEXT,ProGuard File,UNKNOWN,JAVA,IDEA_MODULE,Images,Groovy,AIDL,Properties,XML" collectionTime="1447395268345" />
      <project id="MyTest1030" values="PLAIN_TEXT,AIDL,ProGuard File,UNKNOWN,ARCHIVE,Images,Properties,Groovy,JAVA,XML,IDEA_MODULE" collectionTime="1446519636970" />
      <project id="MyTest915" values="ProGuard File,ARCHIVE,IDEA_MODULE,AIDL,Images,Properties,Groovy,JAVA,UNKNOWN,PLAIN_TEXT,XML" collectionTime="1442305401183" />
      <project id="AVLoadingIndicatorView-master" values="PLAIN_TEXT,IDEA_MODULE,XML,JAVA,ARCHIVE,Properties,UNKNOWN,AIDL,ProGuard File,Images,Groovy" collectionTime="1446780527459" />
      <project id="MyExcelDemo" values="Properties,Images,IDEA_MODULE,XML,ARCHIVE,AIDL,PLAIN_TEXT,UNKNOWN,JAVA,Groovy,ProGuard File" collectionTime="1443162164216" />
      <project id="SwitchCheckBoxDemo" values="Groovy,ARCHIVE,IDEA_MODULE,JAVA,AIDL,Images,PLAIN_TEXT,ProGuard File,UNKNOWN,Properties,XML" collectionTime="1442366484204" />
      <project id="MyMVVM_DataBinding" values="PLAIN_TEXT,UNKNOWN,JAVA,AIDL,IDEA_MODULE,Properties,ARCHIVE,XML,ProGuard File,Groovy,Images" collectionTime="1442466886518" />
      <project id="SpannableStringTest" values="XML,Properties,ProGuard File,AIDL,Images,JAVA,IDEA_MODULE,ARCHIVE,UNKNOWN,Groovy,PLAIN_TEXT" collectionTime="1443142580505" />
      <project id="AnimatedSelector" values="JAVA,XML,Groovy,Images,PLAIN_TEXT,ARCHIVE,IDEA_MODULE,UNKNOWN,ProGuard File,Properties" collectionTime="1445327960233" />
      <project id="MyTest918" values="UNKNOWN" collectionTime="1442547648129" />
      <project id="MyTest916" values="Properties,IDEA_MODULE,ProGuard File,Groovy,XML,AIDL,PLAIN_TEXT,Images,UNKNOWN,ARCHIVE,JAVA" collectionTime="1442381590262" />
      <project id="netease_splash-master" values="Groovy,XML,Properties,ProGuard File,IDEA_MODULE,Images,AIDL,JAVA,PLAIN_TEXT,UNKNOWN,ARCHIVE" collectionTime="1444464188596" />
      <project id="PrograssSchedule" values="Groovy,Images,IDEA_MODULE,AIDL,PLAIN_TEXT,UNKNOWN,ProGuard File,JAVA,Properties,ARCHIVE,XML" collectionTime="1446780529543" />
      <project id="ActivityAnim" values="Groovy,ProGuard File,PLAIN_TEXT,Images,XML,ARCHIVE,UNKNOWN,Properties,IDEA_MODULE,JAVA" collectionTime="1443604238994" />
      <project id="Android-Universal-Image-Loader-master" values="JAVA,XML,PLAIN_TEXT,AIDL,UNKNOWN,Images,ARCHIVE,CLASS,Properties,Groovy,IDEA_MODULE" collectionTime="1442373626119" />
      <project id="AutoSelector" values="Images,IDEA_MODULE,PLAIN_TEXT,UNKNOWN,AIDL,JAVA,ProGuard File,XML,ARCHIVE,Properties,Groovy" collectionTime="1442480776033" />
      <project id="MyMVC_Test2" values="Images,UNKNOWN,IDEA_MODULE,ARCHIVE,XML,ProGuard File,PLAIN_TEXT,Groovy,JAVA,AIDL,Properties" collectionTime="1442475997424" />
      <project id="MyPlugin" values="AIDL,XML,JAVA,Properties,IDEA_MODULE,UNKNOWN,PLAIN_TEXT,Groovy,Images,ProGuard File,ARCHIVE" collectionTime="1447144662609" />
      <project id="material-master" values="ProGuard File,Images,Groovy,XML,Properties,ARCHIVE,PLAIN_TEXT,IDEA_MODULE,JAVA,UNKNOWN" collectionTime="1446707678344" />
      <project id="MyActivityAnim" values="PLAIN_TEXT,AIDL,Images,Groovy,XML,IDEA_MODULE,ARCHIVE,ProGuard File,JAVA,Properties,UNKNOWN" collectionTime="1444264037836" />
      <project id="xUtils_DButils" values="ARCHIVE,PLAIN_TEXT,IDEA_MODULE,Properties,AIDL,ProGuard File,UNKNOWN,Images,XML,Groovy,JAVA" collectionTime="1442388406521" />
      <project id="MyTest917_3" values="IDEA_MODULE,PLAIN_TEXT,Groovy,ProGuard File,JAVA,Properties,Images,UNKNOWN,ARCHIVE,AIDL,XML" collectionTime="1442469816901" />
      <project id="MyTest1023" values="Properties,ARCHIVE,IDEA_MODULE,JAVA,AIDL,XML,UNKNOWN,ProGuard File,Groovy,Images,PLAIN_TEXT" collectionTime="1445821132838" />
      <project id="ProgressRoundButton-master" values="PLAIN_TEXT,AIDL,ProGuard File,ARCHIVE,Groovy,IDEA_MODULE,UNKNOWN,XML,Images,Properties,JAVA" collectionTime="1447029630091" />
      <project id="MyTest1021" values="Images,JAVA,ARCHIVE,Properties,PLAIN_TEXT,XML,Groovy,UNKNOWN,ProGuard File,AIDL,IDEA_MODULE" collectionTime="1445421100147" />
      <project id="MyTest1020" values="PLAIN_TEXT,ARCHIVE,Groovy,Properties,UNKNOWN,ProGuard File,JAVA,Images,AIDL,IDEA_MODULE,XML" collectionTime="1445324711497" />
      <project id="MyReadExcel" values="UNKNOWN,XML,ProGuard File,PLAIN_TEXT,JAVA,ARCHIVE,Images,Groovy,IDEA_MODULE,AIDL,Properties" collectionTime="1443403513027" />
      <project id="MyNew" values="Properties,ProGuard File,AIDL,XML,UNKNOWN,JAVA,PLAIN_TEXT,Groovy,ARCHIVE,IDEA_MODULE,Images" collectionTime="1443173781500" />
      <project id="MyJpushTest" values="ARCHIVE,ProGuard File,PLAIN_TEXT,AIDL,XML,Images,Groovy,JAVA,Properties,UNKNOWN,IDEA_MODULE" collectionTime="1444295039179" />
      <project id="SwipeMenuListView-master" values="ARCHIVE,AIDL,JAVA,Images,XML,Groovy,IDEA_MODULE,ProGuard File,Properties,PLAIN_TEXT,UNKNOWN" collectionTime="1444611096279" />
      <project id="SoftReferenceTest" values="ProGuard File,Images,PLAIN_TEXT,XML,Groovy,UNKNOWN,Properties,IDEA_MODULE,ARCHIVE,AIDL,JAVA" collectionTime="1447405559167" />
      <project id="ManagerTest925" values="Properties,ARCHIVE,PLAIN_TEXT,XML,Groovy,IDEA_MODULE,JAVA,Images,ProGuard File,AIDL,UNKNOWN" collectionTime="1443152070876" />
      <project id="MyMenuTest" values="Images,PLAIN_TEXT,ARCHIVE,UNKNOWN,IDEA_MODULE,AIDL,JAVA,ProGuard File,Properties,XML,Groovy" collectionTime="1444378644012" />
      <project id="MyViewTest1020" values="JAVA,XML,ARCHIVE,Properties,IDEA_MODULE,ProGuard File,AIDL,UNKNOWN,Groovy,PLAIN_TEXT,Images" collectionTime="1445328087019" />
      <project id="MyTest918_2" values="UNKNOWN" collectionTime="1442991848342" />
      <project id="My Application" values="PLAIN_TEXT,JAVA,Properties,ARCHIVE,XML,IDEA_MODULE,ProGuard File,AIDL,Groovy,UNKNOWN,Images" collectionTime="1442479265465" />
      <project id="MySystemServiceTest" values="JAVA,Groovy,ARCHIVE,Properties,UNKNOWN,IDEA_MODULE,PLAIN_TEXT,ProGuard File,XML,Images" collectionTime="1444966468515" />
      <project id="XUtils_HttpUtils_Test" values="PLAIN_TEXT,Groovy,ARCHIVE,IDEA_MODULE,Properties,AIDL,UNKNOWN,Images,JAVA,XML,ProGuard File" collectionTime="1442381127311" />
      <project id="PercentRelativeLayoutTest" values="UNKNOWN,ProGuard File,Groovy,ARCHIVE,Properties,PLAIN_TEXT,AIDL,IDEA_MODULE,XML,JAVA,Images" collectionTime="1442471467758" />
      <project id="okhttp-utils-master" values="JAVA,IDEA_MODULE,Images,ProGuard File,XML,ARCHIVE,AIDL,Properties,PLAIN_TEXT,Groovy,UNKNOWN" collectionTime="1447297059494" />
    </group>
    <group name="run-configuration-type">
      <project id="ProtocolAnalyze" values="AndroidRunConfigurationType" collectionTime="1447376194922" />
      <project id="MYTest917" values="AndroidRunConfigurationType" collectionTime="1442468980661" />
      <project id="MySwitchView" values="AndroidRunConfigurationType" collectionTime="1443493072211" />
      <project id="MySocketClientTest" values="AndroidRunConfigurationType" collectionTime="1445233989054" />
      <project id="ViewLayout" values="AndroidRunConfigurationType" collectionTime="1445403928422" />
      <project id="MyTest1013" values="AndroidRunConfigurationType" collectionTime="1444725326318" />
      <project id="MyTest1012" values="AndroidRunConfigurationType" collectionTime="1444615987715" />
      <project id="VaryButtonLayout" values="AndroidRunConfigurationType" collectionTime="1447132037054" />
      <project id="DrawView" values="AndroidRunConfigurationType" collectionTime="1442390510850" />
      <project id="GestureTest814" values="AndroidRunConfigurationType" collectionTime="1444625003743" />
      <project id="MySocketTest_Conn" values="AndroidRunConfigurationType" collectionTime="1444813277188" />
      <project id="TestEventBus_M" values="AndroidRunConfigurationType" collectionTime="1442468381255" />
      <project id="MyTest108" values="AndroidRunConfigurationType" collectionTime="1444268348652" />
      <project id="MyExceptionTest" values="AndroidRunConfigurationType" collectionTime="1444294092474" />
      <project id="MyTest" values="AndroidRunConfigurationType" collectionTime="1444633439482" />
      <project id="Fridge" values="AndroidRunConfigurationType" collectionTime="1447319341574" />
      <project id="DrawerLayoutTest" values="AndroidRunConfigurationType" collectionTime="1444375600551" />
      <project id="MyDataBindingTest" values="AndroidRunConfigurationType" collectionTime="1443602829516" />
      <project id="MyTest928_2" values="AndroidRunConfigurationType" collectionTime="1443429660424" />
      <project id="MyTest1009" values="AndroidRunConfigurationType" collectionTime="1444359330952" />
      <project id="MyMVC_Test3" values="AndroidRunConfigurationType" collectionTime="1442470968722" />
      <project id="MyMVC_Test2" values="AndroidRunConfigurationType" collectionTime="1442475997254" />
      <project id="BlockIconTextMenu-master" values="AndroidRunConfigurationType" collectionTime="1443433502866" />
      <project id="PrograssSchedule" values="AndroidRunConfigurationType" collectionTime="1446780529495" />
      <project id="SoftReference" values="AndroidRunConfigurationType" collectionTime="1447395406479" />
      <project id="Washer" values="AndroidRunConfigurationType" collectionTime="1446017568999" />
      <project id="SmartWasher" values="AndroidRunConfigurationType" collectionTime="1444800897199" />
      <project id="MyTest11" values="AndroidRunConfigurationType" collectionTime="1443163435728" />
      <project id="MyTest1109" values="AndroidRunConfigurationType" collectionTime="1447126332613" />
      <project id="ToolbarDemo" values="AndroidRunConfigurationType" collectionTime="1444378831021" />
      <project id="MyTest1105" values="AndroidRunConfigurationType" collectionTime="1446714326266" />
      <project id="MyTest1104" values="AndroidRunConfigurationType" collectionTime="1446686347649" />
      <project id="MyGooView" values="AndroidRunConfigurationType" collectionTime="1445410748148" />
      <project id="MyRoboguiceTest" values="AndroidRunConfigurationType" collectionTime="1443144621098" />
      <project id="MyTest929" values="AndroidRunConfigurationType" collectionTime="1443602816665" />
      <project id="StartUpTest" values="AndroidRunConfigurationType" collectionTime="1442995340580" />
      <project id="RxjavaTest" values="AndroidRunConfigurationType" collectionTime="1446705869727" />
      <project id="MyViewTest1106" values="AndroidRunConfigurationType" collectionTime="1447044311654" />
      <project id="MyBind" values="AndroidRunConfigurationType" collectionTime="1442539075862" />
      <project id="MyTest930" values="AndroidRunConfigurationType" collectionTime="1443604261486" />
      <project id="DragViewTest" values="AndroidRunConfigurationType" collectionTime="1443582341058" />
      <project id="MyTest1028" values="AndroidRunConfigurationType" collectionTime="1446097535095" />
      <project id="MySocketConnTest" values="AndroidRunConfigurationType" collectionTime="1444985674171" />
      <project id="MyTestExcel" values="AndroidRunConfigurationType" collectionTime="1443172280362" />
      <project id="CalcTest" values="AndroidRunConfigurationType" collectionTime="1447319810709" />
      <project id="MyApplication" values="AndroidRunConfigurationType" collectionTime="1445327961713" />
      <project id="CardViewTest" values="AndroidRunConfigurationType" collectionTime="1443604000618" />
      <project id="MyReadExcel_jxl" values="AndroidRunConfigurationType" collectionTime="1443425423941" />
      <project id="ProgressRoundButton-master" values="AndroidRunConfigurationType" collectionTime="1447029629731" />
      <project id="MyMVP_Test" values="AndroidRunConfigurationType" collectionTime="1442465781243" />
      <project id="MyTest918_2" values="AndroidRunConfigurationType" collectionTime="1442991848244" />
      <project id="MyActiveAndroid" values="AndroidRunConfigurationType" collectionTime="1444637958545" />
      <project id="MyTest928" values="AndroidRunConfigurationType" collectionTime="1443491929634" />
      <project id="MyTest925" values="AndroidRunConfigurationType" collectionTime="1443599460605" />
      <project id="FreeKitchen" values="AndroidRunConfigurationType" collectionTime="1447135345566" />
      <project id="MyMenuTest" values="AndroidRunConfigurationType" collectionTime="1444378643955" />
      <project id="MyPluginTheme" values="AndroidRunConfigurationType" collectionTime="1447290755520" />
      <project id="MyTTTTTTT" values="AndroidRunConfigurationType" collectionTime="1444624751938" />
      <project id="MyTest1030" values="AndroidRunConfigurationType" collectionTime="1446519636693" />
      <project id="MyTextExcel_XLSX" values="AndroidRunConfigurationType" collectionTime="1443425422868" />
      <project id="HandDraw" values="AndroidRunConfigurationType" collectionTime="1442449799664" />
      <project id="MyAutoPowerOff" values="AndroidRunConfigurationType" collectionTime="1446799871890" />
      <project id="RxSample-master" values="AndroidRunConfigurationType" collectionTime="1446707556683" />
      <project id="AnimatedSelector" values="AndroidRunConfigurationType" collectionTime="1445327960108" />
      <project id="command" values="AndroidRunConfigurationType" collectionTime="1447395268219" />
      <project id="MyTest2" values="AndroidRunConfigurationType" collectionTime="1442384792410" />
      <project id="AVLoadingIndicatorView-master" values="AndroidRunConfigurationType" collectionTime="1446780527401" />
      <project id="MyExcelDemo" values="AndroidRunConfigurationType" collectionTime="1443162164100" />
      <project id="SpannableStringTest" values="AndroidRunConfigurationType" collectionTime="1443142580365" />
      <project id="MyMVVM_DataBinding" values="AndroidRunConfigurationType" collectionTime="1442466886469" />
      <project id="FrameProject" values="AndroidRunConfigurationType" collectionTime="1447375652095" />
      <project id="MyTest918" values="AndroidRunConfigurationType" collectionTime="1442547648030" />
      <project id="AndroidThreadTest" values="AndroidRunConfigurationType" collectionTime="1444357296057" />
      <project id="netease_splash-master" values="AndroidRunConfigurationType" collectionTime="1444464188387" />
      <project id="VaryButtonDemo" values="AndroidRunConfigurationType" collectionTime="1447115280180" />
      <project id="ActivityAnim" values="AndroidRunConfigurationType" collectionTime="1443604238914" />
      <project id="Android-Universal-Image-Loader-master" values="AndroidRunConfigurationType" collectionTime="1442373625959" />
      <project id="AutoSelector" values="AndroidRunConfigurationType" collectionTime="1442480775912" />
      <project id="MyPlugin" values="AndroidRunConfigurationType" collectionTime="1447144662465" />
      <project id="XUtils_HttpUtils_Test" values="AndroidRunConfigurationType" collectionTime="1442381127070" />
      <project id="MyActivityAnim" values="AndroidRunConfigurationType" collectionTime="1444264037711" />
      <project id="xUtils_DButils" values="AndroidRunConfigurationType" collectionTime="1442388406466" />
      <project id="MyTest917_3" values="AndroidRunConfigurationType" collectionTime="1442469816854" />
      <project id="MyTest1023" values="AndroidRunConfigurationType" collectionTime="1445821131919" />
      <project id="MyTest1021" values="AndroidRunConfigurationType" collectionTime="1445421100019" />
      <project id="MyTest1020" values="AndroidRunConfigurationType" collectionTime="1445324711429" />
      <project id="MyReadExcel" values="AndroidRunConfigurationType" collectionTime="1443403512881" />
      <project id="MyNew" values="AndroidRunConfigurationType" collectionTime="1443173781462" />
      <project id="MyJpushTest" values="AndroidRunConfigurationType" collectionTime="1444295039040" />
      <project id="SwipeMenuListView-master" values="AndroidRunConfigurationType" collectionTime="1444611095942" />
      <project id="SoftReferenceTest" values="AndroidRunConfigurationType" collectionTime="1447405559002" />
      <project id="ManagerTest925" values="AndroidRunConfigurationType" collectionTime="1443152070493" />
      <project id="MyDe925" values="AndroidRunConfigurationType" collectionTime="1443173382142" />
      <project id="MyTest915" values="AndroidRunConfigurationType" collectionTime="1442305401010" />
      <project id="MyTest916" values="AndroidRunConfigurationType" collectionTime="1442381590200" />
      <project id="MyViewTest1020" values="AndroidRunConfigurationType" collectionTime="1445328086973" />
      <project id="SmartFridge_AS" values="AndroidRunConfigurationType" collectionTime="1446626721491" />
      <project id="My Application" values="AndroidRunConfigurationType" collectionTime="1442479265339" />
      <project id="SwitchCheckBoxDemo" values="AndroidRunConfigurationType" collectionTime="1442366484092" />
      <project id="PercentRelativeLayoutTest" values="AndroidRunConfigurationType" collectionTime="1442471467679" />
      <project id="okhttp-utils-master" values="AndroidRunConfigurationType" collectionTime="1447297059386" />
    </group>
    <group name="module type">
      <project id="ProtocolAnalyze" values="JAVA_MODULE" collectionTime="1447376194922" />
      <project id="Android_Design_Support_Library_DEMO_AS" values="JAVA_MODULE" collectionTime="1444358726682" />
      <project id="MYTest917" values="JAVA_MODULE" collectionTime="1442468980661" />
      <project id="MySwitchView" values="JAVA_MODULE" collectionTime="1443493072211" />
      <project id="MySocketClientTest" values="JAVA_MODULE" collectionTime="1445233989054" />
      <project id="ViewLayout" values="JAVA_MODULE" collectionTime="1445403928422" />
      <project id="MyTest1013" values="JAVA_MODULE" collectionTime="1444725326314" />
      <project id="MyTest1012" values="JAVA_MODULE" collectionTime="1444615987715" />
      <project id="VaryButtonLayout" values="JAVA_MODULE" collectionTime="1447132037054" />
      <project id="DrawView" values="JAVA_MODULE" collectionTime="1442390510850" />
      <project id="GestureTest814" values="JAVA_MODULE" collectionTime="1444625003743" />
      <project id="MySocketTest_Conn" values="JAVA_MODULE" collectionTime="1444813277186" />
      <project id="TestEventBus_M" values="JAVA_MODULE" collectionTime="1442468381255" />
      <project id="MyTest108" values="JAVA_MODULE" collectionTime="1444268348651" />
      <project id="MyExceptionTest" values="JAVA_MODULE" collectionTime="1444294092474" />
      <project id="MyTest" values="JAVA_MODULE" collectionTime="1444633439482" />
      <project id="Fridge" values="JAVA_MODULE" collectionTime="1447319341574" />
      <project id="MyDataBindingTest" values="JAVA_MODULE" collectionTime="1443602829516" />
      <project id="MyTest928_2" values="JAVA_MODULE" collectionTime="1443429660424" />
      <project id="MyTest1009" values="JAVA_MODULE" collectionTime="1444359330950" />
      <project id="MyMVC_Test3" values="JAVA_MODULE" collectionTime="1442470968722" />
      <project id="MyActiveAndroidTest" values="JAVA_MODULE" collectionTime="1443599432089" />
      <project id="BlockIconTextMenu-master" values="JAVA_MODULE" collectionTime="1443433502866" />
      <project id="ActiveAndroidLibrary_AS" values="JAVA_MODULE" collectionTime="1444703644752" />
      <project id="SoftReference" values="JAVA_MODULE" collectionTime="1447395406479" />
      <project id="netease_splash-master" values="JAVA_MODULE" collectionTime="1444464188385" />
      <project id="Washer" values="JAVA_MODULE" collectionTime="1446017568998" />
      <project id="SmartWasher" values="JAVA_MODULE" collectionTime="1444800897199" />
      <project id="MyTest11" values="JAVA_MODULE" collectionTime="1443163435728" />
      <project id="MyTest1109" values="JAVA_MODULE" collectionTime="1447126332613" />
      <project id="RxJava-1.x" values="JAVA_MODULE" collectionTime="1446708482507" />
      <project id="MyTest1105" values="JAVA_MODULE" collectionTime="1446714326266" />
      <project id="MyTest1104" values="JAVA_MODULE" collectionTime="1446686347648" />
      <project id="ActiveAndroidLibrary" values="JAVA_MODULE" collectionTime="1444637227519" />
      <project id="MyGooView" values="JAVA_MODULE" collectionTime="1445410748148" />
      <project id="MyRoboguiceTest" values="JAVA_MODULE" collectionTime="1443144621097" />
      <project id="MyTest929" values="JAVA_MODULE" collectionTime="1443602816665" />
      <project id="HandDraw" values="JAVA_MODULE" collectionTime="1442449799662" />
      <project id="StartUpTest" values="JAVA_MODULE" collectionTime="1442995340580" />
      <project id="RxjavaTest" values="JAVA_MODULE" collectionTime="1446705869727" />
      <project id="MyViewTest1106" values="JAVA_MODULE" collectionTime="1447044311653" />
      <project id="MyBind" values="JAVA_MODULE" collectionTime="1442539075858" />
      <project id="NetKitchen" values="JAVA_MODULE" collectionTime="1445406587135" />
      <project id="MyTest930" values="JAVA_MODULE" collectionTime="1443604261486" />
      <project id="MyTest2" values="JAVA_MODULE" collectionTime="1442384792410" />
      <project id="MyAutoPowerOff" values="JAVA_MODULE" collectionTime="1446799871890" />
      <project id="VaryButtonDemo" values="JAVA_MODULE" collectionTime="1447115280179" />
      <project id="MyTest1028" values="JAVA_MODULE" collectionTime="1446097535095" />
      <project id="MySocketConnTest" values="JAVA_MODULE" collectionTime="1444985674171" />
      <project id="MyTestExcel" values="JAVA_MODULE" collectionTime="1443172280361" />
      <project id="CalcTest" values="JAVA_MODULE" collectionTime="1447319810709" />
      <project id="MyApplication" values="JAVA_MODULE" collectionTime="1445327961713" />
      <project id="CardViewTest" values="JAVA_MODULE" collectionTime="1443604000618" />
      <project id="MyReadExcel_jxl" values="JAVA_MODULE" collectionTime="1443425423940" />
      <project id="MyDe925" values="JAVA_MODULE" collectionTime="1443173382142" />
      <project id="MyMVP_Test" values="JAVA_MODULE" collectionTime="1442465781243" />
      <project id="MyActiveAndroid" values="JAVA_MODULE" collectionTime="1444637958545" />
      <project id="MyTest928" values="JAVA_MODULE" collectionTime="1443491929632" />
      <project id="MyTest925" values="JAVA_MODULE" collectionTime="1443599460605" />
      <project id="FreeKitchen" values="JAVA_MODULE" collectionTime="1447135345566" />
      <project id="DrawerLayoutTest" values="JAVA_MODULE" collectionTime="1444375600550" />
      <project id="MyPluginTheme" values="JAVA_MODULE" collectionTime="1447290755518" />
      <project id="XUtils_HttpUtils_Test" values="JAVA_MODULE" collectionTime="1442381127070" />
      <project id="MyTTTTTTT" values="JAVA_MODULE" collectionTime="1444624751937" />
      <project id="ActiveAndroid-master" values="JAVA_MODULE" collectionTime="1444636593143" />
      <project id="MyTextExcel_XLSX" values="JAVA_MODULE" collectionTime="1443425422868" />
      <project id="AndroidThreadTest" values="JAVA_MODULE" collectionTime="1444357296054" />
      <project id="RxSample-master" values="JAVA_MODULE" collectionTime="1446707556683" />
      <project id="FrameProject" values="JAVA_MODULE" collectionTime="1447375652093" />
      <project id="command" values="JAVA_MODULE" collectionTime="1447395268218" />
      <project id="MyTest1030" values="JAVA_MODULE" collectionTime="1446519636691" />
      <project id="AVLoadingIndicatorView-master" values="JAVA_MODULE" collectionTime="1446780527400" />
      <project id="MyExcelDemo" values="JAVA_MODULE" collectionTime="1443162164100" />
      <project id="MyMVVM_DataBinding" values="JAVA_MODULE" collectionTime="1442466886469" />
      <project id="SpannableStringTest" values="JAVA_MODULE" collectionTime="1443142580364" />
      <project id="AnimatedSelector" values="JAVA_MODULE" collectionTime="1445327960106" />
      <project id="MyTest918" values="JAVA_MODULE" collectionTime="1442547648030" />
      <project id="MyMenuTest" values="JAVA_MODULE" collectionTime="1444378643955" />
      <project id="MyTest915" values="JAVA_MODULE" collectionTime="1442305401008" />
      <project id="PrograssSchedule" values="JAVA_MODULE" collectionTime="1446780529495" />
      <project id="ActivityAnim" values="JAVA_MODULE" collectionTime="1443604238914" />
      <project id="DragViewTest" values="JAVA_MODULE" collectionTime="1443582341058" />
      <project id="Android-Universal-Image-Loader-master" values="JAVA_MODULE" collectionTime="1442373625958" />
      <project id="AutoSelector" values="JAVA_MODULE" collectionTime="1442480775911" />
      <project id="MyMVC_Test2" values="JAVA_MODULE" collectionTime="1442475997251" />
      <project id="MyPlugin" values="JAVA_MODULE" collectionTime="1447144662465" />
      <project id="material-master" values="JAVA_MODULE" collectionTime="1446707678337" />
      <project id="MyActivityAnim" values="JAVA_MODULE" collectionTime="1444264037711" />
      <project id="xUtils_DButils" values="JAVA_MODULE" collectionTime="1442388406466" />
      <project id="MyTest917_3" values="JAVA_MODULE" collectionTime="1442469816854" />
      <project id="MyTest1023" values="JAVA_MODULE" collectionTime="1445821131918" />
      <project id="ProgressRoundButton-master" values="JAVA_MODULE" collectionTime="1447029629730" />
      <project id="MyTest1021" values="JAVA_MODULE" collectionTime="1445421100019" />
      <project id="MyTest1020" values="JAVA_MODULE" collectionTime="1445324711429" />
      <project id="MyReadExcel" values="JAVA_MODULE" collectionTime="1443403512880" />
      <project id="MyNew" values="JAVA_MODULE" collectionTime="1443173781462" />
      <project id="MyJpushTest" values="JAVA_MODULE" collectionTime="1444295039039" />
      <project id="SwipeMenuListView-master" values="JAVA_MODULE" collectionTime="1444611095941" />
      <project id="SoftReferenceTest" values="JAVA_MODULE" collectionTime="1447405559001" />
      <project id="ManagerTest925" values="JAVA_MODULE" collectionTime="1443152070491" />
      <project id="ToolbarDemo" values="JAVA_MODULE" collectionTime="1444378831021" />
      <project id="MyTest916" values="JAVA_MODULE" collectionTime="1442381590200" />
      <project id="MyViewTest1020" values="JAVA_MODULE" collectionTime="1445328086973" />
      <project id="SmartFridge_AS" values="JAVA_MODULE" collectionTime="1446626721487" />
      <project id="My Application" values="JAVA_MODULE" collectionTime="1442479265338" />
      <project id="MySystemServiceTest" values="JAVA_MODULE" collectionTime="1444966468478" />
      <project id="SwitchCheckBoxDemo" values="JAVA_MODULE" collectionTime="1442366484090" />
      <project id="PercentRelativeLayoutTest" values="JAVA_MODULE" collectionTime="1442471467679" />
      <project id="okhttp-utils-master" values="JAVA_MODULE" collectionTime="1447297059386" />
    </group>
  </component>
  <component name="UsageTrigger">
    <counts>
      <entry feature="CreateFile.CreateFileAction" count="1" />
      <entry feature="execute.AndroidRunConfigurationType.Debug" count="55" />
      <entry feature="execute.AndroidRunConfigurationType.Run" count="1638" />
      <entry feature="execute.AndroidTestRunConfigurationType.Run" count="2" />
      <entry feature="ide.help.null" count="1" />
      <entry feature="ide.help.refactoring.safeDelete" count="2" />
      <entry feature="ide.settings.Appearance" count="4" />
      <entry feature="ide.settings.Auto_Import" count="1" />
      <entry feature="ide.settings.Code_Completion" count="1" />
      <entry feature="ide.settings.Colors_&amp;_Fonts" count="3" />
      <entry feature="ide.settings.Compiler" count="1" />
      <entry feature="ide.settings.Font" count="10" />
      <entry feature="ide.settings.General" count="2" />
      <entry feature="ide.settings.Keymap" count="1" />
      <entry feature="ide.settings.Live_Templates" count="99" />
      <entry feature="ide.settings.Plugins" count="2" />
      <entry feature="ide.settings.Project_Structure" count="24" />
      <entry feature="ide.settings.Updates" count="4" />
      <entry feature="ideaapp.started" count="114" />
    </counts>
  </component>
</application>