<application>
  <component name="FileBasedIndex">
    <option name="registeredIndices">
      <list>
        <option value="java.field.name" />
        <option value="java.class.extlist" />
        <option value="java.annotations" />
        <option value="gr.anonymous.class" />
        <option value="gr.class.super" />
        <option value="gr.script.class" />
        <option value="gr.annot.members" />
        <option value="gr.annot.method.name" />
        <option value="gr.method.name" />
        <option value="gr.field.name" />
        <option value="gr.script.fqn" />
        <option value="gr.class.fqn" />
        <option value="properties.index" />
        <option value="dom.elementClass" />
        <option value="dom.namespaceKey" />
        <option value="java.class.fqn" />
        <option value="java.class.shortname" />
        <option value="java.anonymous.baseref" />
        <option value="jvm.static.member.type" />
        <option value="jvm.static.member.name" />
        <option value="java.method.name" />
      </list>
    </option>
  </component>
</application>