<application>
  <component name="UpdatesConfigurable">
    <knownUpdateChannels>
      <item value="AI-1-eap" />
      <item value="AI-1-milestone" />
      <item value="AI-1-beta" />
      <item value="AI-1-release" />
      <item value="AI-0-beta" />
    </knownUpdateChannels>
    <outdatedPlugins>
      <item value="de.mprengemann.intellij.plugin.androidicons" />
    </outdatedPlugins>
    <enabledExternalComponentSources>
      <item value="Android SDK" />
    </enabledExternalComponentSources>
    <knownExternalComponentSources>
      <item value="Android SDK" />
    </knownExternalComponentSources>
    <option name="externalUpdateChannels">
      <map>
        <entry key="Android SDK" value="Stable Channel" />
      </map>
    </option>
    <option name="LAST_TIME_CHECKED" value="1445404014677" />
    <option name="LAST_BUILD_CHECKED" value="AI-141.2178183" />
  </component>
</application>