<keymap version="1" name="Default copy" parent="$default">
  <action id="ActivateAndroidToolWindow">
    <keyboard-shortcut first-keystroke="alt 6" />
  </action>
  <action id="ActivateTODOToolWindow" />
  <action id="FindInPath">
    <keyboard-shortcut first-keystroke="shift control S" />
  </action>
  <action id="ReformatCode">
    <keyboard-shortcut first-keystroke="control alt L" />
    <keyboard-shortcut first-keystroke="shift control F" />
  </action>
  <action id="SwitchApply">
    <keyboard-shortcut first-keystroke="shift alt ENTER" />
  </action>
  <action id="SwitchDown">
    <keyboard-shortcut first-keystroke="shift alt DOWN" />
  </action>
  <action id="SwitchLeft">
    <keyboard-shortcut first-keystroke="shift alt LEFT" />
  </action>
  <action id="SwitchRight">
    <keyboard-shortcut first-keystroke="shift alt RIGHT" />
  </action>
  <action id="SwitchUp">
    <keyboard-shortcut first-keystroke="shift alt UP" />
  </action>
</keymap>