<templateSet group="AndroidLog">
  <template name="Logi" value="Log.i(&quot;$className$&quot;, &quot;$date$-$METHOD_NAME$: $content$&quot;);" description="Log.i(className, String)" toReformat="true" toShortenFQNames="true">
    <variable name="className" expression="className()" defaultValue="" alwaysStopAt="false" />
    <variable name="date" expression="date()" defaultValue="" alwaysStopAt="false" />
    <variable name="METHOD_NAME" expression="methodName()" defaultValue="" alwaysStopAt="false" />
    <variable name="content" expression="" defaultValue="" alwaysStopAt="true" />
    <context>
      <option name="HTML_TEXT" value="false" />
      <option name="HTML" value="false" />
      <option name="XSL_TEXT" value="false" />
      <option name="XML" value="false" />
      <option name="JAVA_CODE" value="false" />
      <option name="JAVA_STATEMENT" value="true" />
      <option name="JAVA_EXPRESSION" value="false" />
      <option name="JAVA_DECLARATION" value="false" />
      <option name="JAVA_COMMENT" value="false" />
      <option name="JAVA_STRING" value="false" />
      <option name="COMPLETION" value="false" />
      <option name="GROOVY" value="false" />
      <option name="GROOVY_EXPRESSION" value="false" />
      <option name="GROOVY_STATEMENT" value="false" />
      <option name="GROOVY_DECLARATION" value="false" />
      <option name="MAVEN" value="false" />
      <option name="OTHER" value="false" />
    </context>
  </template>
  <template name="Loge" value="Log.e(&quot;$className$&quot;, &quot;$date$-$METHOD_NAME$ $content$&quot;);" description="Log.e(className, String)" toReformat="true" toShortenFQNames="true">
    <variable name="className" expression="className()" defaultValue="" alwaysStopAt="false" />
    <variable name="date" expression="date()" defaultValue="" alwaysStopAt="false" />
    <variable name="METHOD_NAME" expression="methodName()" defaultValue="" alwaysStopAt="false" />
    <variable name="content" expression="" defaultValue="" alwaysStopAt="true" />
    <context>
      <option name="HTML_TEXT" value="false" />
      <option name="HTML" value="false" />
      <option name="XSL_TEXT" value="false" />
      <option name="XML" value="false" />
      <option name="JAVA_CODE" value="false" />
      <option name="JAVA_STATEMENT" value="true" />
      <option name="JAVA_EXPRESSION" value="false" />
      <option name="JAVA_DECLARATION" value="false" />
      <option name="JAVA_COMMENT" value="false" />
      <option name="JAVA_STRING" value="false" />
      <option name="COMPLETION" value="false" />
      <option name="GROOVY" value="false" />
      <option name="GROOVY_EXPRESSION" value="false" />
      <option name="GROOVY_STATEMENT" value="false" />
      <option name="GROOVY_DECLARATION" value="false" />
      <option name="MAVEN" value="false" />
      <option name="OTHER" value="false" />
    </context>
  </template>
  <template name="logd" value="LogUtil.d(&quot;$className$&quot;, &quot;$date$-$METHOD_NAME$: $content$&quot;);" description="LogUtil.d(className, String)" toReformat="true" toShortenFQNames="true">
    <variable name="className" expression="className()" defaultValue="" alwaysStopAt="false" />
    <variable name="date" expression="date()" defaultValue="" alwaysStopAt="false" />
    <variable name="METHOD_NAME" expression="methodName()" defaultValue="" alwaysStopAt="false" />
    <variable name="content" expression="" defaultValue="" alwaysStopAt="true" />
    <context>
      <option name="JAVA_STATEMENT" value="true" />
      <option name="JAVA_DECLARATION" value="false" />
    </context>
  </template>
  <template name="Logee" value="Log.e(&quot;$className$&quot;, &quot;$date$-$METHOD_NAME$: $content$&quot;, $exception$);" description="Log.e(TAG, String, Exception)" toReformat="true" toShortenFQNames="true">
    <variable name="className" expression="className()" defaultValue="" alwaysStopAt="false" />
    <variable name="date" expression="date()" defaultValue="" alwaysStopAt="false" />
    <variable name="METHOD_NAME" expression="methodName()" defaultValue="" alwaysStopAt="false" />
    <variable name="content" expression="" defaultValue="" alwaysStopAt="true" />
    <variable name="exception" expression="" defaultValue="e" alwaysStopAt="false" />
    <context>
      <option name="HTML_TEXT" value="false" />
      <option name="HTML" value="false" />
      <option name="XSL_TEXT" value="false" />
      <option name="XML" value="false" />
      <option name="JAVA_CODE" value="false" />
      <option name="JAVA_STATEMENT" value="false" />
      <option name="JAVA_EXPRESSION" value="false" />
      <option name="JAVA_DECLARATION" value="true" />
      <option name="JAVA_COMMENT" value="false" />
      <option name="JAVA_STRING" value="false" />
      <option name="COMPLETION" value="false" />
      <option name="GROOVY" value="false" />
      <option name="GROOVY_EXPRESSION" value="false" />
      <option name="GROOVY_STATEMENT" value="false" />
      <option name="GROOVY_DECLARATION" value="false" />
      <option name="MAVEN" value="false" />
      <option name="OTHER" value="false" />
    </context>
  </template>
  <template name="Logwe" value="Log.w(&quot;$className$&quot;, &quot;$date$-$METHOD_NAME$: $content$&quot;, $exception$);" description="Log.w(className, String, Exception)" toReformat="true" toShortenFQNames="true">
    <variable name="className" expression="className()" defaultValue="" alwaysStopAt="false" />
    <variable name="date" expression="date()" defaultValue="" alwaysStopAt="false" />
    <variable name="METHOD_NAME" expression="methodName()" defaultValue="" alwaysStopAt="false" />
    <variable name="content" expression="" defaultValue="" alwaysStopAt="true" />
    <variable name="exception" expression="" defaultValue="e" alwaysStopAt="false" />
    <context>
      <option name="HTML_TEXT" value="false" />
      <option name="HTML" value="false" />
      <option name="XSL_TEXT" value="false" />
      <option name="XML" value="false" />
      <option name="JAVA_CODE" value="false" />
      <option name="JAVA_STATEMENT" value="false" />
      <option name="JAVA_EXPRESSION" value="false" />
      <option name="JAVA_DECLARATION" value="true" />
      <option name="JAVA_COMMENT" value="false" />
      <option name="JAVA_STRING" value="false" />
      <option name="COMPLETION" value="false" />
      <option name="GROOVY" value="false" />
      <option name="GROOVY_EXPRESSION" value="false" />
      <option name="GROOVY_STATEMENT" value="false" />
      <option name="GROOVY_DECLARATION" value="false" />
      <option name="MAVEN" value="false" />
      <option name="OTHER" value="false" />
    </context>
  </template>
  <template name="logr" value="LogUtil.d(&quot;$className$&quot;, &quot;$date$-$METHOD_NAME$() returned: &quot; +  $result$);" description="Log result of this method" toReformat="true" toShortenFQNames="true">
    <variable name="className" expression="className()" defaultValue="" alwaysStopAt="false" />
    <variable name="date" expression="date()" defaultValue="" alwaysStopAt="false" />
    <variable name="METHOD_NAME" expression="methodName()" defaultValue="" alwaysStopAt="false" />
    <variable name="result" expression="variableOfType(methodReturnType())" defaultValue="" alwaysStopAt="true" />
    <context />
  </template>
  <template name="logi" value="LogUtil.i(&quot;$className$&quot;, &quot;$date$-$METHOD_NAME$: $content$&quot;);" description="LogUtil.i(className,String);" toReformat="true" toShortenFQNames="true">
    <variable name="className" expression="className()" defaultValue="" alwaysStopAt="false" />
    <variable name="date" expression="date()" defaultValue="" alwaysStopAt="false" />
    <variable name="METHOD_NAME" expression="methodName()" defaultValue="" alwaysStopAt="false" />
    <variable name="content" expression="" defaultValue="" alwaysStopAt="true" />
    <context>
      <option name="JAVA_STATEMENT" value="true" />
      <option name="JAVA_DECLARATION" value="false" />
    </context>
  </template>
  <template name="Logd" value="Log.d(&quot;$className$&quot;, &quot;$date$-$METHOD_NAME$: $content$&quot;);" description="Log.d(className, String)" toReformat="true" toShortenFQNames="true">
    <variable name="className" expression="className()" defaultValue="" alwaysStopAt="false" />
    <variable name="date" expression="date()" defaultValue="" alwaysStopAt="false" />
    <variable name="METHOD_NAME" expression="methodName()" defaultValue="" alwaysStopAt="false" />
    <variable name="content" expression="" defaultValue="" alwaysStopAt="true" />
    <context>
      <option name="HTML_TEXT" value="false" />
      <option name="HTML" value="false" />
      <option name="XSL_TEXT" value="false" />
      <option name="XML" value="false" />
      <option name="JAVA_CODE" value="false" />
      <option name="JAVA_STATEMENT" value="true" />
      <option name="JAVA_EXPRESSION" value="false" />
      <option name="JAVA_DECLARATION" value="false" />
      <option name="JAVA_COMMENT" value="false" />
      <option name="JAVA_STRING" value="false" />
      <option name="COMPLETION" value="false" />
      <option name="GROOVY" value="false" />
      <option name="GROOVY_EXPRESSION" value="false" />
      <option name="GROOVY_STATEMENT" value="false" />
      <option name="GROOVY_DECLARATION" value="false" />
      <option name="MAVEN" value="false" />
      <option name="OTHER" value="false" />
    </context>
  </template>
  <template name="loge" value="LogUtil.e(&quot;$className$&quot;, &quot;$date$-$METHOD_NAME$ $content$&quot;);" description="LogUtil.e(className, String)" toReformat="true" toShortenFQNames="true">
    <variable name="className" expression="className()" defaultValue="" alwaysStopAt="false" />
    <variable name="date" expression="date()" defaultValue="" alwaysStopAt="false" />
    <variable name="METHOD_NAME" expression="methodName()" defaultValue="" alwaysStopAt="false" />
    <variable name="content" expression="" defaultValue="" alwaysStopAt="true" />
    <context>
      <option name="JAVA_STATEMENT" value="true" />
      <option name="JAVA_DECLARATION" value="false" />
    </context>
  </template>
  <template name="logv" value="LogUtil.v(&quot;$className$&quot;, &quot;$date$-$METHOD_NAME$: $content$&quot;);" description="LogUtil.v(className,String);" toReformat="true" toShortenFQNames="true">
    <variable name="className" expression="className()" defaultValue="" alwaysStopAt="false" />
    <variable name="date" expression="date()" defaultValue="" alwaysStopAt="false" />
    <variable name="METHOD_NAME" expression="methodName()" defaultValue="" alwaysStopAt="false" />
    <variable name="content" expression="" defaultValue="" alwaysStopAt="true" />
    <context>
      <option name="JAVA_CODE" value="false" />
      <option name="JAVA_STATEMENT" value="true" />
      <option name="JAVA_EXPRESSION" value="false" />
      <option name="JAVA_DECLARATION" value="false" />
      <option name="JAVA_COMMENT" value="false" />
      <option name="JAVA_STRING" value="false" />
      <option name="COMPLETION" value="false" />
    </context>
  </template>
  <template name="Logv" value="Log.v(&quot;$className$&quot;, &quot;$date$-$METHOD_NAME$: $content$&quot;);" description="Log.v(className, String)" toReformat="true" toShortenFQNames="true">
    <variable name="className" expression="className()" defaultValue="" alwaysStopAt="false" />
    <variable name="date" expression="date()" defaultValue="" alwaysStopAt="false" />
    <variable name="METHOD_NAME" expression="methodName()" defaultValue="" alwaysStopAt="false" />
    <variable name="content" expression="" defaultValue="" alwaysStopAt="true" />
    <context>
      <option name="HTML_TEXT" value="false" />
      <option name="HTML" value="false" />
      <option name="XSL_TEXT" value="false" />
      <option name="XML" value="false" />
      <option name="JAVA_CODE" value="false" />
      <option name="JAVA_STATEMENT" value="true" />
      <option name="JAVA_EXPRESSION" value="false" />
      <option name="JAVA_DECLARATION" value="false" />
      <option name="JAVA_COMMENT" value="false" />
      <option name="JAVA_STRING" value="false" />
      <option name="COMPLETION" value="false" />
      <option name="GROOVY" value="false" />
      <option name="GROOVY_EXPRESSION" value="false" />
      <option name="GROOVY_STATEMENT" value="false" />
      <option name="GROOVY_DECLARATION" value="false" />
      <option name="MAVEN" value="false" />
      <option name="OTHER" value="false" />
    </context>
  </template>
  <template name="logee" value="LogUtil.e(&quot;$className$&quot;, &quot;$date$-$METHOD_NAME$: $content$&quot;, $exception$);" description="LogUtil.e(TAG, String, Exception)" toReformat="true" toShortenFQNames="true">
    <variable name="className" expression="className()" defaultValue="" alwaysStopAt="false" />
    <variable name="date" expression="date()" defaultValue="" alwaysStopAt="false" />
    <variable name="METHOD_NAME" expression="methodName()" defaultValue="" alwaysStopAt="false" />
    <variable name="content" expression="" defaultValue="" alwaysStopAt="true" />
    <variable name="exception" expression="" defaultValue="e" alwaysStopAt="false" />
    <context>
      <option name="HTML_TEXT" value="false" />
      <option name="HTML" value="false" />
      <option name="XSL_TEXT" value="false" />
      <option name="XML" value="false" />
      <option name="JAVA_CODE" value="false" />
      <option name="JAVA_STATEMENT" value="false" />
      <option name="JAVA_EXPRESSION" value="false" />
      <option name="JAVA_DECLARATION" value="true" />
      <option name="JAVA_COMMENT" value="false" />
      <option name="JAVA_STRING" value="false" />
      <option name="COMPLETION" value="false" />
      <option name="GROOVY" value="false" />
      <option name="GROOVY_EXPRESSION" value="false" />
      <option name="GROOVY_STATEMENT" value="false" />
      <option name="GROOVY_DECLARATION" value="false" />
      <option name="MAVEN" value="false" />
      <option name="OTHER" value="false" />
    </context>
  </template>
  <template name="Logw" value="Log.w(&quot;$className$&quot;, &quot;$date$-$METHOD_NAME$: $content$&quot;);" description="Log.w(className, String)" toReformat="true" toShortenFQNames="true">
    <variable name="className" expression="className()" defaultValue="" alwaysStopAt="false" />
    <variable name="date" expression="date()" defaultValue="" alwaysStopAt="false" />
    <variable name="METHOD_NAME" expression="methodName()" defaultValue="" alwaysStopAt="false" />
    <variable name="content" expression="" defaultValue="" alwaysStopAt="true" />
    <context>
      <option name="HTML_TEXT" value="false" />
      <option name="HTML" value="false" />
      <option name="XSL_TEXT" value="false" />
      <option name="XML" value="false" />
      <option name="JAVA_CODE" value="false" />
      <option name="JAVA_STATEMENT" value="true" />
      <option name="JAVA_EXPRESSION" value="false" />
      <option name="JAVA_DECLARATION" value="false" />
      <option name="JAVA_COMMENT" value="false" />
      <option name="JAVA_STRING" value="false" />
      <option name="COMPLETION" value="false" />
      <option name="GROOVY" value="false" />
      <option name="GROOVY_EXPRESSION" value="false" />
      <option name="GROOVY_STATEMENT" value="false" />
      <option name="GROOVY_DECLARATION" value="false" />
      <option name="MAVEN" value="false" />
      <option name="OTHER" value="false" />
    </context>
  </template>
  <template name="logw" value="LogUtil.w(&quot;$className$&quot;, &quot;$date$-$METHOD_NAME$: $content$&quot;);" description="LogUtil.w(className, String)" toReformat="true" toShortenFQNames="true">
    <variable name="className" expression="className()" defaultValue="" alwaysStopAt="false" />
    <variable name="date" expression="date()" defaultValue="" alwaysStopAt="false" />
    <variable name="METHOD_NAME" expression="methodName()" defaultValue="" alwaysStopAt="false" />
    <variable name="content" expression="" defaultValue="" alwaysStopAt="true" />
    <context>
      <option name="JAVA_STATEMENT" value="true" />
      <option name="JAVA_DECLARATION" value="false" />
    </context>
  </template>
  <template name="logwe" value="LogUtil.w(&quot;$className$&quot;, &quot;$date$-$METHOD_NAME$: $content$&quot;, $exception$);" description="LogUtil.w(className, String, Exception)" toReformat="true" toShortenFQNames="true">
    <variable name="className" expression="className()" defaultValue="" alwaysStopAt="false" />
    <variable name="date" expression="date()" defaultValue="" alwaysStopAt="false" />
    <variable name="METHOD_NAME" expression="methodName()" defaultValue="" alwaysStopAt="false" />
    <variable name="content" expression="" defaultValue="" alwaysStopAt="true" />
    <variable name="exception" expression="" defaultValue="e" alwaysStopAt="false" />
    <context>
      <option name="HTML_TEXT" value="false" />
      <option name="HTML" value="false" />
      <option name="XSL_TEXT" value="false" />
      <option name="XML" value="false" />
      <option name="JAVA_CODE" value="false" />
      <option name="JAVA_STATEMENT" value="false" />
      <option name="JAVA_EXPRESSION" value="false" />
      <option name="JAVA_DECLARATION" value="true" />
      <option name="JAVA_COMMENT" value="false" />
      <option name="JAVA_STRING" value="false" />
      <option name="COMPLETION" value="false" />
      <option name="GROOVY" value="false" />
      <option name="GROOVY_EXPRESSION" value="false" />
      <option name="GROOVY_STATEMENT" value="false" />
      <option name="GROOVY_DECLARATION" value="false" />
      <option name="MAVEN" value="false" />
      <option name="OTHER" value="false" />
    </context>
  </template>
  <template name="Logr" value="Log.d(&quot;$className$&quot;, &quot;$date$-$METHOD_NAME$() returned: &quot; +  $result$);" description="Log result of this method" toReformat="true" toShortenFQNames="true">
    <variable name="className" expression="className()" defaultValue="" alwaysStopAt="false" />
    <variable name="date" expression="date()" defaultValue="" alwaysStopAt="false" />
    <variable name="METHOD_NAME" expression="methodName()" defaultValue="" alwaysStopAt="false" />
    <variable name="result" expression="variableOfType(methodReturnType())" defaultValue="" alwaysStopAt="true" />
    <context>
      <option name="HTML_TEXT" value="false" />
      <option name="HTML" value="false" />
      <option name="XSL_TEXT" value="false" />
      <option name="XML" value="false" />
      <option name="JAVA_CODE" value="false" />
      <option name="JAVA_STATEMENT" value="true" />
      <option name="JAVA_EXPRESSION" value="false" />
      <option name="JAVA_DECLARATION" value="false" />
      <option name="JAVA_COMMENT" value="false" />
      <option name="JAVA_STRING" value="false" />
      <option name="COMPLETION" value="false" />
      <option name="GROOVY" value="false" />
      <option name="GROOVY_EXPRESSION" value="false" />
      <option name="GROOVY_STATEMENT" value="false" />
      <option name="GROOVY_DECLARATION" value="false" />
      <option name="MAVEN" value="false" />
      <option name="OTHER" value="false" />
    </context>
  </template>
</templateSet>