<templateSet group="Android">
  <template name="foreach" value="for ($i$ : $data$) {&#10;    $cursor$&#10;}" description="Create a for each loop" toReformat="false" toShortenFQNames="true">
    <variable name="i" expression="" defaultValue="" alwaysStopAt="true" />
    <variable name="data" expression="" defaultValue="" alwaysStopAt="true" />
    <variable name="cursor" expression="" defaultValue="" alwaysStopAt="true" />
    <context />
  </template>
  <template name="ToastF" value="Toast.makeText(getActivity(), &quot;$text$&quot;, Toast.LENGTH_SHORT).show();" description="Create a new Toast" toReformat="true" toShortenFQNames="true">
    <variable name="text" expression="" defaultValue="" alwaysStopAt="true" />
    <context>
      <option name="HTML_TEXT" value="false" />
      <option name="HTML" value="false" />
      <option name="XSL_TEXT" value="false" />
      <option name="XML" value="false" />
      <option name="JAVA_CODE" value="false" />
      <option name="JAVA_STATEMENT" value="true" />
      <option name="JAVA_EXPRESSION" value="false" />
      <option name="JAVA_DECLARATION" value="false" />
      <option name="JAVA_COMMENT" value="false" />
      <option name="JAVA_STRING" value="false" />
      <option name="COMPLETION" value="false" />
      <option name="GROOVY" value="false" />
      <option name="GROOVY_EXPRESSION" value="false" />
      <option name="GROOVY_STATEMENT" value="false" />
      <option name="GROOVY_DECLARATION" value="false" />
      <option name="MAVEN" value="false" />
      <option name="OTHER" value="false" />
    </context>
  </template>
  <template name="constP" value="public static final int $name$ = $value$;" description="Define android style int constant" toReformat="true" toShortenFQNames="true">
    <variable name="name" expression="" defaultValue="NAME" alwaysStopAt="true" />
    <variable name="value" expression="groovyScript(&quot;new Random().nextInt(1000)&quot;)" defaultValue="0" alwaysStopAt="false" />
    <context>
      <option name="HTML_TEXT" value="false" />
      <option name="HTML" value="false" />
      <option name="XSL_TEXT" value="false" />
      <option name="XML" value="false" />
      <option name="JAVA_CODE" value="false" />
      <option name="JAVA_STATEMENT" value="false" />
      <option name="JAVA_EXPRESSION" value="false" />
      <option name="JAVA_DECLARATION" value="true" />
      <option name="JAVA_COMMENT" value="false" />
      <option name="JAVA_STRING" value="false" />
      <option name="COMPLETION" value="false" />
      <option name="GROOVY" value="false" />
      <option name="GROOVY_EXPRESSION" value="false" />
      <option name="GROOVY_STATEMENT" value="false" />
      <option name="GROOVY_DECLARATION" value="false" />
      <option name="MAVEN" value="false" />
      <option name="OTHER" value="false" />
    </context>
  </template>
  <template name="ToastA" value="android.widget.Toast.makeText($className$.this, &quot;$text$&quot;, Toast.LENGTH_SHORT).show();" description="Create a new Toast" toReformat="true" toShortenFQNames="true">
    <variable name="className" expression="className()" defaultValue="" alwaysStopAt="true" />
    <variable name="text" expression="" defaultValue="" alwaysStopAt="true" />
    <context>
      <option name="HTML_TEXT" value="false" />
      <option name="HTML" value="false" />
      <option name="XSL_TEXT" value="false" />
      <option name="XML" value="false" />
      <option name="JAVA_CODE" value="false" />
      <option name="JAVA_STATEMENT" value="true" />
      <option name="JAVA_EXPRESSION" value="false" />
      <option name="JAVA_DECLARATION" value="false" />
      <option name="JAVA_COMMENT" value="false" />
      <option name="JAVA_STRING" value="false" />
      <option name="COMPLETION" value="false" />
      <option name="GROOVY" value="false" />
      <option name="GROOVY_EXPRESSION" value="false" />
      <option name="GROOVY_STATEMENT" value="false" />
      <option name="GROOVY_DECLARATION" value="false" />
      <option name="MAVEN" value="false" />
      <option name="OTHER" value="false" />
    </context>
  </template>
  <template name="Toast" value="android.widget.Toast.makeText(getApplicationContext(), &quot;$text$&quot;, Toast.LENGTH_SHORT).show();" description="Create a new Toast" toReformat="true" toShortenFQNames="true">
    <variable name="text" expression="" defaultValue="" alwaysStopAt="true" />
    <context />
  </template>
  <template name="toast" value="android.widget.Toast.makeText(getApplicationContext(), &quot;$text$&quot;, Toast.LENGTH_SHORT).show();" description="Create a new Toast" toReformat="true" toShortenFQNames="true">
    <variable name="text" expression="" defaultValue="" alwaysStopAt="true" />
    <context>
      <option name="HTML_TEXT" value="false" />
      <option name="HTML" value="false" />
      <option name="XSL_TEXT" value="false" />
      <option name="XML" value="false" />
      <option name="JAVA_CODE" value="false" />
      <option name="JAVA_STATEMENT" value="true" />
      <option name="JAVA_EXPRESSION" value="false" />
      <option name="JAVA_DECLARATION" value="false" />
      <option name="JAVA_COMMENT" value="false" />
      <option name="JAVA_STRING" value="false" />
      <option name="COMPLETION" value="false" />
      <option name="GROOVY" value="false" />
      <option name="GROOVY_EXPRESSION" value="false" />
      <option name="GROOVY_STATEMENT" value="false" />
      <option name="GROOVY_DECLARATION" value="false" />
      <option name="MAVEN" value="false" />
      <option name="OTHER" value="false" />
    </context>
  </template>
</templateSet>